time	species	protein	transcript	ribo_density
0	__protein1_rbs	0.0	0.0	0.0
0	__protein2_rbs	0.0	0.0	0.0
0	__protein3_rbs	0.0	0.0	0.0
0	__ribosome	100.0	0.0	0.0
0	__rnase_site_ext	0.0	0.0	0.0
0	p0	1.0	0.0	0.0
0	r1	0.0	0.0	0.0
0	rnapol	4.0	0.0	0.0
1	__protein1_rbs	0.0	0.0	0.0
1	__protein2_rbs	0.0	0.0	0.0
1	__protein3_rbs	0.0	0.0	0.0
1	__ribosome	70.0	0.0	0.0
1	__rnase_site_ext	0.3	0.0	0.0
1	p0	0.1	0.0	0.0
1	r1	0.0	0.0	0.0
1	rnapol	2.1	0.0	0.0
2	__protein1_rbs	0.1	0.0	0.0
2	__protein2_rbs	0.0	0.0	0.0
2	__protein3_rbs	0.0	0.0	0.0
2	__ribosome	129.8	0.0	0.0
2	__rnase_site_ext	0.9	0.0	0.0
2	p0	0.3	0.0	0.0
2	protein1	0.0	0.3	0.2
2	r1	0.0	0.0	0.0
2	rnapol	3.5	0.0	0.0
3	__protein1_rbs	0.3	0.0	0.0
3	__protein2_rbs	0.0	0.0	0.0
3	__protein3_rbs	0.0	0.0	0.0
3	__ribosome	99.3	0.0	0.0
3	__rnase_site_ext	1.6	0.0	0.0
3	p0	0.5	0.0	0.0
3	protein1	0.0	0.8	0.5
3	r1	0.0	0.0	0.0
3	rnapol	2.4	0.0	0.0
4	__protein1_rbs	0.4	0.0	0.0
4	__protein2_rbs	0.0	0.0	0.0
4	__protein3_rbs	0.0	0.0	0.0
4	__ribosome	98.5	0.0	0.0
4	__rnase_site_ext	1.8	0.0	0.0
4	p0	0.7	0.0	0.0
4	protein1	0.0	1.4	1.05
4	r1	0.0	0.0	0.0
4	rnapol	2.0	0.0	0.0
5	__protein1_rbs	0.6	0.0	0.0
5	__protein2_rbs	0.0	0.0	0.0
5	__protein3_rbs	0.0	0.0	0.0
5	__ribosome	97.4	0.0	0.0
5	__rnase_site_ext	2.0	0.0	0.0
5	p0	1.0	0.0	0.0
5	protein1	0.0	1.7	1.4666667
5	r1	0.0	0.0	0.0
5	rnapol	2.0	0.0	0.0
6	__protein1_rbs	0.5	0.0	0.0
6	__protein2_rbs	0.0	0.0	0.0
6	__protein3_rbs	0.0	0.0	0.0
6	__ribosome	96.0	0.0	0.0
6	__rnase_site_ext	2.1	0.0	0.0
6	p0	0.8	0.0	0.0
6	protein1	0.0	2.0	2.0
6	r1	0.0	0.0	0.0
6	rnapol	1.7	0.0	0.0
7	__protein1_rbs	0.5	0.0	0.0
7	__protein2_rbs	0.0	0.0	0.0
7	__protein3_rbs	0.0	0.0	0.0
7	__ribosome	94.8	0.0	0.0
7	__rnase_site_ext	2.6	0.0	0.0
7	p0	0.5	0.0	0.0
7	protein1	0.1	2.1	2.4666667
7	r1	0.3	0.0	0.0
7	rnapol	1.2	0.0	0.0
8	__protein1_rbs	1.3	0.0	0.0
8	__protein2_rbs	0.0	0.0	0.0
8	__protein3_rbs	0.0	0.0	0.0
8	__ribosome	93.9	0.0	0.0
8	__rnase_site_ext	2.9	0.0	0.0
8	p0	0.9	0.0	0.0
8	protein1	0.4	2.5	2.4916667
8	r1	0.7	0.0	0.0
8	rnapol	1.1	0.0	0.0
9	__protein1_rbs	0.8	0.0	0.0
9	__protein2_rbs	0.0	0.0	0.0
9	__protein3_rbs	0.0	0.0	0.0
9	__ribosome	92.6	0.0	0.0
9	__rnase_site_ext	3.0	0.0	0.0
9	p0	0.9	0.0	0.0
9	protein1	1.2	2.9	2.5166666
9	r1	1.3	0.0	0.0
9	rnapol	1.0	0.0	0.0
10	__protein1_rbs	0.8	0.0	0.0
10	__protein2_rbs	0.0	0.0	0.0
10	__protein3_rbs	0.0	0.0	0.0
10	__ribosome	92.0	0.0	0.0
10	__rnase_site_ext	3.0	0.0	0.0
10	p0	0.9	0.0	0.0
10	protein1	2.3	2.9	2.7083333
10	r1	1.6	0.0	0.0
10	rnapol	0.9	0.0	0.0
11	__protein1_rbs	1.2	0.0	0.0
11	__protein2_rbs	0.2	0.0	0.0
11	__protein3_rbs	0.0	0.0	0.0
11	__ribosome	91.5	0.0	0.0
11	__rnase_site_ext	3.1	0.0	0.0
11	p0	0.9	0.0	0.0
11	protein1	3.6	3.0	2.775
11	protein2	0.0	0.4	0.2
11	r1	2.0	0.0	0.0
11	rnapol	0.8	0.0	0.0
12	__protein1_rbs	1.0	0.0	0.0
12	__protein2_rbs	0.2	0.0	0.0
12	__protein3_rbs	0.0	0.0	0.0
12	__ribosome	90.1	0.0	0.0
12	__rnase_site_ext	3.2	0.0	0.0
12	p0	0.9	0.0	0.0
12	protein1	4.8	3.1	2.95
12	protein2	0.0	0.8	0.55
12	r1	2.0	0.0	0.0
12	rnapol	0.7	0.0	0.0
13	__protein1_rbs	1.3	0.0	0.0
13	__protein2_rbs	0.8	0.0	0.0
13	__protein3_rbs	0.0	0.0	0.0
13	__ribosome	88.9	0.0	0.0
13	__rnase_site_ext	3.2	0.0	0.0
13	p0	0.9	0.0	0.0
13	protein1	6.3	3.2	2.9999999
13	protein2	0.0	1.6	0.8333332999999999
13	r1	2.4	0.0	0.0
13	rnapol	0.6	0.0	0.0
14	__protein1_rbs	0.7	0.0	0.0
14	__protein2_rbs	0.5	0.0	0.0
14	__protein3_rbs	0.0	0.0	0.0
14	__ribosome	87.0	0.0	0.0
14	__rnase_site_ext	3.2	0.0	0.0
14	p0	1.0	0.0	0.0
14	protein1	8.0	3.2	3.2416668
14	protein2	0.0	1.6	1.5333333999999998
14	r1	2.8	0.0	0.0
14	rnapol	0.6	0.0	0.0
15	__protein1_rbs	0.7	0.0	0.0
15	__protein2_rbs	0.5	0.0	0.0
15	__protein3_rbs	0.0	0.0	0.0
15	__ribosome	85.0	0.0	0.0
15	__rnase_site_ext	3.2	0.0	0.0
15	p0	1.0	0.0	0.0
15	protein1	9.6	3.2	3.4416667000000003
15	protein2	0.0	2.1	1.9166667
15	r1	2.9	0.0	0.0
15	rnapol	0.7	0.0	0.0
16	__protein1_rbs	1.2	0.0	0.0
16	__protein2_rbs	1.0	0.0	0.0
16	__protein3_rbs	0.0	0.0	0.0
16	__ribosome	84.7	0.0	0.0
16	__rnase_site_ext	3.3	0.0	0.0
16	p0	0.9	0.0	0.0
16	protein1	11.6	3.2	3.2916666
16	protein2	0.1	2.1	2.4
16	r1	2.8	0.0	0.0
16	rnapol	0.7	0.0	0.0
17	__protein1_rbs	1.2	0.0	0.0
17	__protein2_rbs	0.6	0.0	0.0
17	__protein3_rbs	0.0	0.0	0.0
17	__ribosome	83.5	0.0	0.0
17	__rnase_site_ext	3.3	0.0	0.0
17	p0	0.9	0.0	0.0
17	protein1	13.5	3.2	3.3333334000000003
17	protein2	0.8	2.4	2.475
17	r1	2.8	0.0	0.0
17	rnapol	0.8	0.0	0.0
18	__protein1_rbs	0.6	0.0	0.0
18	__protein2_rbs	0.9	0.0	0.0
18	__protein3_rbs	0.0	0.0	0.0
18	__ribosome	82.1	0.0	0.0
18	__rnase_site_ext	3.6	0.0	0.0
18	p0	0.8	0.0	0.0
18	protein1	15.4	3.3	3.4083333
18	protein2	1.6	2.8	2.4249999
18	r1	3.0	0.0	0.0
18	rnapol	0.8	0.0	0.0
19	__protein1_rbs	1.2	0.0	0.0
19	__protein2_rbs	1.0	0.0	0.0
19	__protein3_rbs	0.0	0.0	0.0
19	__ribosome	80.8	0.0	0.0
19	__rnase_site_ext	3.6	0.0	0.0
19	p0	1.0	0.0	0.0
19	protein1	17.8	3.4	3.2583332999999994
19	protein2	2.3	2.9	2.7916667
19	r1	3.1	0.0	0.0
19	rnapol	1.1	0.0	0.0
20	__protein1_rbs	1.4	0.0	0.0
20	__protein2_rbs	1.4	0.0	0.0
20	__protein3_rbs	0.2	0.0	0.0
20	__ribosome	81.2	0.0	0.0
20	__rnase_site_ext	3.8	0.0	0.0
20	p0	0.7	0.0	0.0
20	protein1	19.9	3.6	3.0666666
20	protein2	4.1	2.9	2.6583334
20	protein3	0.0	0.3	0.1
20	r1	3.1	0.0	0.0
20	rnapol	1.0	0.0	0.0
21	__protein1_rbs	1.4	0.0	0.0
21	__protein2_rbs	1.0	0.0	0.0
21	__protein3_rbs	0.2	0.0	0.0
21	__ribosome	78.8	0.0	0.0
21	__rnase_site_ext	3.9	0.0	0.0
21	p0	1.0	0.0	0.0
21	protein1	21.7	3.8	3.1266667
21	protein2	4.8	2.9	3.0750001
21	protein3	0.0	0.8	0.65
21	r1	3.1	0.0	0.0
21	rnapol	1.1	0.0	0.0
22	__protein1_rbs	1.9	0.0	0.0
22	__protein2_rbs	1.6	0.0	0.0
22	__protein3_rbs	0.4	0.0	0.0
22	__ribosome	78.7	0.0	0.0
22	__rnase_site_ext	4.1	0.0	0.0
22	p0	0.9	0.0	0.0
22	protein1	24.3	3.9	2.8533333
22	protein2	6.1	3.1	2.9250001
22	protein3	0.0	0.9	1.05
22	r1	3.1	0.0	0.0
22	rnapol	1.2	0.0	0.0
23	__protein1_rbs	2.2	0.0	0.0
23	__protein2_rbs	1.3	0.0	0.0
23	__protein3_rbs	0.4	0.0	0.0
23	__ribosome	77.3	0.0	0.0
23	__rnase_site_ext	4.3	0.0	0.0
23	p0	0.8	0.0	0.0
23	protein1	26.1	4.1	2.8083333
23	protein2	8.0	3.1	3.0666666
23	protein3	0.0	1.0	1.6
23	r1	3.0	0.0	0.0
23	rnapol	0.9	0.0	0.0
24	__protein1_rbs	1.4	0.0	0.0
24	__protein2_rbs	0.9	0.0	0.0
24	__protein3_rbs	0.4	0.0	0.0
24	__ribosome	75.7	0.0	0.0
24	__rnase_site_ext	4.5	0.0	0.0
24	p0	0.9	0.0	0.0
24	protein1	28.4	4.2	2.8483333
24	protein2	9.7	3.1	3.2666666
24	protein3	0.0	1.0	2.0
24	r1	3.2	0.0	0.0
24	rnapol	1.0	0.0	0.0
25	__protein1_rbs	1.3	0.0	0.0
25	__protein2_rbs	1.2	0.0	0.0
25	__protein3_rbs	0.5	0.0	0.0
25	__ribosome	74.6	0.0	0.0
25	__rnase_site_ext	4.6	0.0	0.0
25	p0	0.9	0.0	0.0
25	protein1	30.9	4.5	2.7500000000000004
25	protein2	11.5	3.1	3.2166668
25	protein3	0.1	1.2	2.3333333
25	r1	3.2	0.0	0.0
25	rnapol	1.1	0.0	0.0
26	__protein1_rbs	1.4	0.0	0.0
26	__protein2_rbs	1.6	0.0	0.0
26	__protein3_rbs	0.6	0.0	0.0
26	__ribosome	73.9	0.0	0.0
26	__rnase_site_ext	4.8	0.0	0.0
26	p0	0.7	0.0	0.0
26	protein1	32.9	4.5	2.9983333
26	protein2	13.4	3.2	3.0583333
26	protein3	0.7	1.4	2.2166667
26	r1	3.4	0.0	0.0
26	rnapol	1.5	0.0	0.0
27	__protein1_rbs	2.4	0.0	0.0
27	__protein2_rbs	0.5	0.0	0.0
27	__protein3_rbs	0.5	0.0	0.0
27	__ribosome	72.7	0.0	0.0
27	__rnase_site_ext	5.0	0.0	0.0
27	p0	0.9	0.0	0.0
27	protein1	35.0	4.7	2.8033333
27	protein2	15.2	3.3	3.175
27	protein3	1.1	1.4	2.5333333
27	r1	3.5	0.0	0.0
27	rnapol	1.5	0.0	0.0
28	__protein1_rbs	1.9	0.0	0.0
28	__protein2_rbs	1.5	0.0	0.0
28	__protein3_rbs	0.5	0.0	0.0
28	__ribosome	71.7	0.0	0.0
28	__rnase_site_ext	5.1	0.0	0.0
28	p0	0.8	0.0	0.0
28	protein1	37.3	4.9	2.8633333
28	protein2	17.3	3.3	3.2166668
28	protein3	1.8	1.4	2.6333333
28	r1	3.7	0.0	0.0
28	rnapol	1.4	0.0	0.0
29	__protein1_rbs	1.6	0.0	0.0
29	__protein2_rbs	0.9	0.0	0.0
29	__protein3_rbs	0.4	0.0	0.0
29	__ribosome	69.9	0.0	0.0
29	__rnase_site_ext	5.3	0.0	0.0
29	p0	0.8	0.0	0.0
29	protein1	39.5	5.0	3.0047620000000004
29	protein2	19.3	3.4	3.6416667
29	protein3	2.3	1.5	2.7333333
29	r1	3.9	0.0	0.0
29	rnapol	1.3	0.0	0.0
30	__protein1_rbs	1.8	0.0	0.0
30	__protein2_rbs	1.6	0.0	0.0
30	__protein3_rbs	0.9	0.0	0.0
30	__ribosome	70.6	0.0	0.0
30	__rnase_site_ext	5.5	0.0	0.0
30	p0	0.8	0.0	0.0
30	protein1	42.8	5.2	2.7840476
30	protein2	21.2	3.4	3.4933332999999998
30	protein3	3.0	1.5	2.6333333
30	r1	4.1	0.0	0.0
30	rnapol	1.3	0.0	0.0
31	__protein1_rbs	2.3	0.0	0.0
31	__protein2_rbs	1.0	0.0	0.0
31	__protein3_rbs	0.3	0.0	0.0
31	__ribosome	68.9	0.0	0.0
31	__rnase_site_ext	5.7	0.0	0.0
31	p0	0.9	0.0	0.0
31	protein1	45.5	5.5	2.696428500000001
31	protein2	22.9	3.6	3.1633334
31	protein3	3.6	1.5	2.8666667
31	r1	4.1	0.0	0.0
31	rnapol	1.4	0.0	0.0
32	__protein1_rbs	2.5	0.0	0.0
32	__protein2_rbs	2.0	0.0	0.0
32	__protein3_rbs	0.5	0.0	0.0
32	__ribosome	69.0	0.0	0.0
32	__rnase_site_ext	5.9	0.0	0.0
32	p0	0.8	0.0	0.0
32	protein1	47.7	5.6	2.7983333000000004
32	protein2	25.4	3.9	2.7883334
32	protein3	4.5	1.4	2.9
32	r1	4.3	0.0	0.0
32	rnapol	1.2	0.0	0.0
33	__protein1_rbs	2.2	0.0	0.0
33	__protein2_rbs	1.2	0.0	0.0
33	__protein3_rbs	0.5	0.0	0.0
33	__ribosome	68.2	0.0	0.0
33	__rnase_site_ext	6.0	0.0	0.0
33	p0	0.8	0.0	0.0
33	protein1	51.0	5.8	2.7580953
33	protein2	27.2	4.0	2.9333333
33	protein3	5.7	1.4	2.75
33	r1	4.5	0.0	0.0
33	rnapol	1.1	0.0	0.0
34	__protein1_rbs	2.1	0.0	0.0
34	__protein2_rbs	2.0	0.0	0.0
34	__protein3_rbs	0.6	0.0	0.0
34	__ribosome	67.9	0.0	0.0
34	__rnase_site_ext	6.3	0.0	0.0
34	p0	0.6	0.0	0.0
34	protein1	53.5	5.9	2.8532144
34	protein2	29.7	4.2	2.7116666
34	protein3	6.6	1.4	2.75
34	r1	4.5	0.0	0.0
34	rnapol	0.8	0.0	0.0
35	__protein1_rbs	2.6	0.0	0.0
35	__protein2_rbs	1.6	0.0	0.0
35	__protein3_rbs	0.9	0.0	0.0
35	__ribosome	66.5	0.0	0.0
35	__rnase_site_ext	6.4	0.0	0.0
35	p0	1.0	0.0	0.0
35	protein1	56.1	6.1	2.854881
35	protein2	31.3	4.2	2.8566667000000003
35	protein3	7.3	1.5	2.55
35	r1	4.9	0.0	0.0
35	rnapol	0.9	0.0	0.0
36	__protein1_rbs	2.9	0.0	0.0
36	__protein2_rbs	1.2	0.0	0.0
36	__protein3_rbs	1.0	0.0	0.0
36	__ribosome	66.0	0.0	0.0
36	__rnase_site_ext	6.3	0.0	0.0
36	p0	0.9	0.0	0.0
36	protein1	59.8	6.4	2.7230953
36	protein2	33.6	4.4	2.9147619
36	protein3	8.3	1.7	2.25
36	r1	4.9	0.0	0.0
36	rnapol	0.9	0.0	0.0
37	__protein1_rbs	2.6	0.0	0.0
37	__protein2_rbs	2.3	0.0	0.0
37	__protein3_rbs	0.6	0.0	0.0
37	__ribosome	65.4	0.0	0.0
37	__rnase_site_ext	6.3	0.0	0.0
37	p0	0.8	0.0	0.0
37	protein1	63.1	6.3	2.7847619999999997
37	protein2	36.0	4.6	2.6983333
37	protein3	9.1	1.8	2.5166667
37	r1	5.0	0.0	0.0
37	rnapol	0.7	0.0	0.0
38	__protein1_rbs	2.8	0.0	0.0
38	__protein2_rbs	1.9	0.0	0.0
38	__protein3_rbs	1.0	0.0	0.0
38	__ribosome	64.8	0.0	0.0
38	__rnase_site_ext	6.6	0.0	0.0
38	p0	0.9	0.0	0.0
38	protein1	66.1	6.3	2.9170238
38	protein2	38.6	4.6	2.7716666
38	protein3	10.0	1.8	2.6
38	r1	5.3	0.0	0.0
38	rnapol	0.8	0.0	0.0
39	__protein1_rbs	3.5	0.0	0.0
39	__protein2_rbs	1.9	0.0	0.0
39	__protein3_rbs	0.9	0.0	0.0
39	__ribosome	64.1	0.0	0.0
39	__rnase_site_ext	6.6	0.0	0.0
39	p0	1.0	0.0	0.0
39	protein1	69.1	6.5	2.7886906000000002
39	protein2	40.6	4.9	2.8016667
39	protein3	10.9	1.8	2.55
39	r1	5.4	0.0	0.0
39	rnapol	0.9	0.0	0.0
40	__protein1_rbs	2.1	0.0	0.0
40	__protein2_rbs	2.4	0.0	0.0
40	__protein3_rbs	0.8	0.0	0.0
40	__ribosome	62.6	0.0	0.0
40	__rnase_site_ext	6.8	0.0	0.0
40	p0	0.9	0.0	0.0
40	protein1	72.6	6.6	2.909881
40	protein2	43.0	5.0	2.6833333
40	protein3	11.6	2.1	2.65
40	r1	5.6	0.0	0.0
40	rnapol	0.9	0.0	0.0
41	__protein1_rbs	3.0	0.0	0.0
41	__protein2_rbs	2.0	0.0	0.0
41	__protein3_rbs	1.1	0.0	0.0
41	__ribosome	62.3	0.0	0.0
41	__rnase_site_ext	6.9	0.0	0.0
41	p0	0.9	0.0	0.0
41	protein1	76.6	6.8	2.7041668000000003
41	protein2	45.5	5.2	2.7542857000000005
41	protein3	12.5	2.1	2.6000001
41	r1	5.9	0.0	0.0
41	rnapol	1.0	0.0	0.0
42	__protein1_rbs	3.5	0.0	0.0
42	__protein2_rbs	2.0	0.0	0.0
42	__protein3_rbs	1.1	0.0	0.0
42	__ribosome	61.8	0.0	0.0
42	__rnase_site_ext	7.0	0.0	0.0
42	p0	0.8	0.0	0.0
42	protein1	79.5	6.8	2.7339285
42	protein2	48.4	5.3	2.7316667000000003
42	protein3	13.6	2.1	2.5000001000000003
42	r1	6.0	0.0	0.0
42	rnapol	1.0	0.0	0.0
43	__protein1_rbs	2.8	0.0	0.0
43	__protein2_rbs	2.8	0.0	0.0
43	__protein3_rbs	1.1	0.0	0.0
43	__ribosome	61.0	0.0	0.0
43	__rnase_site_ext	7.4	0.0	0.0
43	p0	0.6	0.0	0.0
43	protein1	83.1	7.0	2.7147619
43	protein2	50.6	5.6	2.6350001
43	protein3	14.5	2.1	2.55
43	r1	6.1	0.0	0.0
43	rnapol	0.9	0.0	0.0
44	__protein1_rbs	2.7	0.0	0.0
44	__protein2_rbs	2.3	0.0	0.0
44	__protein3_rbs	0.7	0.0	0.0
44	__ribosome	59.4	0.0	0.0
44	__rnase_site_ext	7.6	0.0	0.0
44	p0	0.9	0.0	0.0
44	protein1	86.7	7.2	2.7589286
44	protein2	53.5	5.6	2.66
44	protein3	15.4	2.1	2.85
44	r1	6.2	0.0	0.0
44	rnapol	0.8	0.0	0.0
45	__protein1_rbs	3.3	0.0	0.0
45	__protein2_rbs	2.9	0.0	0.0
45	__protein3_rbs	1.0	0.0	0.0
45	__ribosome	58.3	0.0	0.0
45	__rnase_site_ext	7.7	0.0	0.0
45	p0	0.8	0.0	0.0
45	protein1	90.2	7.6	2.6349206
45	protein2	56.0	5.9	2.6385714
45	protein3	16.5	2.1	3.2333333000000004
45	r1	6.3	0.0	0.0
45	rnapol	0.7	0.0	0.0
46	__protein1_rbs	3.6	0.0	0.0
46	__protein2_rbs	2.5	0.0	0.0
46	__protein3_rbs	1.0	0.0	0.0
46	__ribosome	58.4	0.0	0.0
46	__rnase_site_ext	7.8	0.0	0.0
46	p0	1.0	0.0	0.0
46	protein1	94.5	7.6	2.6089286
46	protein2	59.1	6.0	2.6136904000000003
46	protein3	17.5	2.1	inf
46	r1	6.4	0.0	0.0
46	rnapol	1.1	0.0	0.0
47	__protein1_rbs	3.2	0.0	0.0
47	__protein2_rbs	2.2	0.0	0.0
47	__protein3_rbs	1.2	0.0	0.0
47	__ribosome	56.6	0.0	0.0
47	__rnase_site_ext	7.8	0.0	0.0
47	p0	1.0	0.0	0.0
47	protein1	97.9	7.8	2.6668652
47	protein2	62.0	6.2	2.7071429
47	protein3	18.7	2.3	inf
47	r1	6.5	0.0	0.0
47	rnapol	1.1	0.0	0.0
48	__protein1_rbs	3.5	0.0	0.0
48	__protein2_rbs	3.0	0.0	0.0
48	__protein3_rbs	1.2	0.0	0.0
48	__ribosome	56.9	0.0	0.0
48	__rnase_site_ext	7.9	0.0	0.0
48	p0	0.9	0.0	0.0
48	protein1	101.6	7.9	2.6966270000000003
48	protein2	65.1	6.2	2.6601191
48	protein3	19.9	2.3	inf
48	r1	6.5	0.0	0.0
48	rnapol	1.2	0.0	0.0
49	__protein1_rbs	4.2	0.0	0.0
49	__protein2_rbs	3.0	0.0	0.0
49	__protein3_rbs	0.8	0.0	0.0
49	__ribosome	56.6	0.0	0.0
49	__rnase_site_ext	7.9	0.0	0.0
49	p0	0.8	0.0	0.0
49	protein1	105.7	7.9	2.6313493
49	protein2	67.9	6.4	2.6380951
49	protein3	21.2	2.4	inf
49	r1	6.5	0.0	0.0
49	rnapol	1.0	0.0	0.0
50	__protein1_rbs	2.8	0.0	0.0
50	__protein2_rbs	2.9	0.0	0.0
50	__protein3_rbs	1.5	0.0	0.0
50	__ribosome	55.7	0.0	0.0
50	__rnase_site_ext	8.2	0.0	0.0
50	p0	1.0	0.0	0.0
50	protein1	109.4	7.9	2.7636906000000003
50	protein2	71.2	6.5	2.6220239
50	protein3	22.5	2.5	2.0500001
50	r1	6.8	0.0	0.0
50	rnapol	1.2	0.0	0.0
51	__protein1_rbs	3.8	0.0	0.0
51	__protein2_rbs	3.7	0.0	0.0
51	__protein3_rbs	1.0	0.0	0.0
51	__ribosome	54.6	0.0	0.0
51	__rnase_site_ext	8.4	0.0	0.0
51	p0	0.6	0.0	0.0
51	protein1	113.3	8.2	2.7295239
51	protein2	74.4	6.6	2.5119048
51	protein3	23.4	2.6	2.3916667
51	r1	6.9	0.0	0.0
51	rnapol	0.9	0.0	0.0
52	__protein1_rbs	4.2	0.0	0.0
52	__protein2_rbs	3.2	0.0	0.0
52	__protein3_rbs	1.1	0.0	0.0
52	__ribosome	55.2	0.0	0.0
52	__rnase_site_ext	8.8	0.0	0.0
52	p0	0.8	0.0	0.0
52	protein1	117.6	8.3	2.614246
52	protein2	77.7	6.6	2.5666668
52	protein3	24.7	2.6	2.375
52	r1	7.1	0.0	0.0
52	rnapol	0.8	0.0	0.0
53	__protein1_rbs	4.1	0.0	0.0
53	__protein2_rbs	3.5	0.0	0.0
53	__protein3_rbs	1.0	0.0	0.0
53	__ribosome	54.4	0.0	0.0
53	__rnase_site_ext	8.8	0.0	0.0
53	p0	1.0	0.0	0.0
53	protein1	121.8	8.6	2.5570238
53	protein2	80.7	6.7	2.5761903999999998
53	protein3	25.7	2.7	2.4516666000000003
53	r1	6.9	0.0	0.0
53	rnapol	1.0	0.0	0.0
54	__protein1_rbs	4.3	0.0	0.0
54	__protein2_rbs	2.4	0.0	0.0
54	__protein3_rbs	1.6	0.0	0.0
54	__ribosome	53.6	0.0	0.0
54	__rnase_site_ext	9.0	0.0	0.0
54	p0	0.8	0.0	0.0
54	protein1	125.4	8.8	2.5585931
54	protein2	84.6	7.1	2.4162698
54	protein3	26.9	2.7	2.49
54	r1	6.9	0.0	0.0
54	rnapol	0.7	0.0	0.0
55	__protein1_rbs	3.4	0.0	0.0
55	__protein2_rbs	4.0	0.0	0.0
55	__protein3_rbs	1.5	0.0	0.0
55	__ribosome	53.4	0.0	0.0
55	__rnase_site_ext	9.1	0.0	0.0
55	p0	0.9	0.0	0.0
55	protein1	130.8	8.9	2.5231457
55	protein2	87.8	7.3	2.3644840999999994
55	protein3	28.1	2.9	2.3400000000000003
55	r1	7.0	0.0	0.0
55	rnapol	0.7	0.0	0.0
56	__protein1_rbs	4.6	0.0	0.0
56	__protein2_rbs	3.5	0.0	0.0
56	__protein3_rbs	1.2	0.0	0.0
56	__ribosome	52.5	0.0	0.0
56	__rnase_site_ext	9.2	0.0	0.0
56	p0	1.0	0.0	0.0
56	protein1	134.9	9.1	2.4977309
56	protein2	91.0	7.1	2.4998016
56	protein3	29.7	2.9	2.3566666
56	r1	7.1	0.0	0.0
56	rnapol	0.8	0.0	0.0
57	__protein1_rbs	4.1	0.0	0.0
57	__protein2_rbs	2.9	0.0	0.0
57	__protein3_rbs	1.4	0.0	0.0
57	__ribosome	51.0	0.0	0.0
57	__rnase_site_ext	9.3	0.0	0.0
57	p0	1.0	0.0	0.0
57	protein1	139.0	9.2	2.543889
57	protein2	94.1	7.1	2.6222222000000004
57	protein3	31.1	3.0	2.2933333
57	r1	7.1	0.0	0.0
57	rnapol	0.9	0.0	0.0
58	__protein1_rbs	4.1	0.0	0.0
58	__protein2_rbs	2.7	0.0	0.0
58	__protein3_rbs	2.0	0.0	0.0
58	__ribosome	48.9	0.0	0.0
58	__rnase_site_ext	9.4	0.0	0.0
58	p0	0.8	0.0	0.0
58	protein1	143.4	9.3	2.6340585
58	protein2	96.6	7.1	2.8079364999999994
58	protein3	32.8	3.2	2.1066667000000003
58	r1	7.4	0.0	0.0
58	rnapol	1.1	0.0	0.0
59	__protein1_rbs	5.2	0.0	0.0
59	__protein2_rbs	4.0	0.0	0.0
59	__protein3_rbs	1.8	0.0	0.0
59	__ribosome	50.0	0.0	0.0
59	__rnase_site_ext	9.5	0.0	0.0
59	p0	0.9	0.0	0.0
59	protein1	147.4	9.4	2.6315332000000002
59	protein2	101.1	7.3	2.5085317000000003
59	protein3	34.0	3.2	2.265
59	r1	7.3	0.0	0.0
59	rnapol	1.1	0.0	0.0
60	__protein1_rbs	4.5	0.0	0.0
60	__protein2_rbs	3.7	0.0	0.0
60	__protein3_rbs	1.7	0.0	0.0
60	__ribosome	48.9	0.0	0.0
60	__rnase_site_ext	9.7	0.0	0.0
60	p0	0.8	0.0	0.0
60	protein1	152.0	9.6	2.6215908
60	protein2	104.5	7.2	2.5845237
60	protein3	35.4	3.3	2.4700001
60	r1	7.6	0.0	0.0
60	rnapol	1.2	0.0	0.0
61	__protein1_rbs	4.6	0.0	0.0
61	__protein2_rbs	3.5	0.0	0.0
61	__protein3_rbs	1.6	0.0	0.0
61	__ribosome	48.9	0.0	0.0
61	__rnase_site_ext	9.9	0.0	0.0
61	p0	0.8	0.0	0.0
61	protein1	156.8	9.6	2.6429653
61	protein2	107.9	7.5	2.5040477
61	protein3	37.2	3.4	2.36
61	r1	7.6	0.0	0.0
61	rnapol	0.9	0.0	0.0
62	__protein1_rbs	5.7	0.0	0.0
62	__protein2_rbs	4.2	0.0	0.0
62	__protein3_rbs	1.5	0.0	0.0
62	__ribosome	49.7	0.0	0.0
62	__rnase_site_ext	10.1	0.0	0.0
62	p0	0.9	0.0	0.0
62	protein1	161.8	9.9	2.4519697000000003
62	protein2	111.8	7.7	2.3799207
62	protein3	38.6	3.5	2.3733332000000003
62	r1	7.8	0.0	0.0
62	rnapol	1.0	0.0	0.0
63	__protein1_rbs	5.9	0.0	0.0
63	__protein2_rbs	3.2	0.0	0.0
63	__protein3_rbs	1.9	0.0	0.0
63	__ribosome	49.6	0.0	0.0
63	__rnase_site_ext	10.3	0.0	0.0
63	p0	0.8	0.0	0.0
63	protein1	166.5	10.0	2.4098737000000003
63	protein2	115.9	7.5	2.472619
63	protein3	40.0	3.6	2.2716666
63	r1	7.8	0.0	0.0
63	rnapol	0.8	0.0	0.0
64	__protein1_rbs	4.9	0.0	0.0
64	__protein2_rbs	3.8	0.0	0.0
64	__protein3_rbs	1.6	0.0	0.0
64	__ribosome	48.0	0.0	0.0
64	__rnase_site_ext	10.6	0.0	0.0
64	p0	0.7	0.0	0.0
64	protein1	172.0	10.2	2.3534849
64	protein2	118.8	7.8	2.4870707000000003
64	protein3	41.4	3.7	2.4366666
64	r1	7.9	0.0	0.0
64	rnapol	0.7	0.0	0.0
65	__protein1_rbs	4.9	0.0	0.0
65	__protein2_rbs	3.1	0.0	0.0
65	__protein3_rbs	2.0	0.0	0.0
65	__ribosome	46.9	0.0	0.0
65	__rnase_site_ext	10.6	0.0	0.0
65	p0	0.9	0.0	0.0
65	protein1	176.7	10.4	2.35142
65	protein2	122.4	7.7	2.5636615000000003
65	protein3	43.0	3.7	2.4866667
65	r1	8.1	0.0	0.0
65	rnapol	0.6	0.0	0.0
66	__protein1_rbs	5.5	0.0	0.0
66	__protein2_rbs	4.0	0.0	0.0
66	__protein3_rbs	1.9	0.0	0.0
66	__ribosome	47.2	0.0	0.0
66	__rnase_site_ext	10.7	0.0	0.0
66	p0	0.9	0.0	0.0
66	protein1	181.5	10.6	2.2978438000000003
66	protein2	126.1	7.8	2.5524747000000003
66	protein3	44.7	3.7	2.3099998999999998
66	r1	8.4	0.0	0.0
66	rnapol	0.9	0.0	0.0
67	__protein1_rbs	5.2	0.0	0.0
67	__protein2_rbs	3.5	0.0	0.0
67	__protein3_rbs	1.6	0.0	0.0
67	__ribosome	45.6	0.0	0.0
67	__rnase_site_ext	10.9	0.0	0.0
67	p0	0.9	0.0	0.0
67	protein1	185.6	10.7	2.3784304
67	protein2	130.0	7.8	2.5502526000000003
67	protein3	46.4	3.9	2.2916666
67	r1	8.5	0.0	0.0
67	rnapol	1.0	0.0	0.0
68	__protein1_rbs	5.0	0.0	0.0
68	__protein2_rbs	4.4	0.0	0.0
68	__protein3_rbs	2.0	0.0	0.0
68	__ribosome	45.1	0.0	0.0
68	__rnase_site_ext	11.1	0.0	0.0
68	p0	0.8	0.0	0.0
68	protein1	190.3	10.9	2.399083
68	protein2	133.8	7.9	2.5079005000000003
68	protein3	48.2	4.0	2.3542857
68	r1	8.7	0.0	0.0
68	rnapol	1.0	0.0	0.0
69	__protein1_rbs	5.7	0.0	0.0
69	__protein2_rbs	4.0	0.0	0.0
69	__protein3_rbs	2.5	0.0	0.0
69	__ribosome	44.5	0.0	0.0
69	__rnase_site_ext	11.1	0.0	0.0
69	p0	1.0	0.0	0.0
69	protein1	195.4	11.0	2.3661187999999997
69	protein2	137.4	8.2	2.5174603000000007
69	protein3	49.8	4.1	2.2792857000000004
69	r1	8.6	0.0	0.0
69	rnapol	1.1	0.0	0.0
70	__protein1_rbs	5.7	0.0	0.0
70	__protein2_rbs	5.0	0.0	0.0
70	__protein3_rbs	2.0	0.0	0.0
70	__ribosome	44.8	0.0	0.0
70	__rnase_site_ext	11.2	0.0	0.0
70	p0	1.0	0.0	0.0
70	protein1	200.2	11.1	2.3899417
70	protein2	142.0	8.4	2.2896825
70	protein3	51.5	4.2	2.3154762000000004
70	r1	8.9	0.0	0.0
70	rnapol	1.0	0.0	0.0
71	__protein1_rbs	5.5	0.0	0.0
71	__protein2_rbs	5.4	0.0	0.0
71	__protein3_rbs	1.6	0.0	0.0
71	__ribosome	43.9	0.0	0.0
71	__rnase_site_ext	11.3	0.0	0.0
71	p0	1.0	0.0	0.0
71	protein1	204.9	11.2	2.4294988
71	protein2	145.8	8.5	2.2169444
71	protein3	53.6	4.1	2.515
71	r1	9.0	0.0	0.0
71	rnapol	0.9	0.0	0.0
72	__protein1_rbs	5.1	0.0	0.0
72	__protein2_rbs	5.1	0.0	0.0
72	__protein3_rbs	1.8	0.0	0.0
72	__ribosome	43.0	0.0	0.0
72	__rnase_site_ext	11.4	0.0	0.0
72	p0	0.9	0.0	0.0
72	protein1	210.3	11.3	2.4433682000000005
72	protein2	149.4	8.6	2.2024603000000003
72	protein3	55.6	4.2	2.5383333
72	r1	8.9	0.0	0.0
72	rnapol	1.0	0.0	0.0
73	__protein1_rbs	6.0	0.0	0.0
73	__protein2_rbs	5.0	0.0	0.0
73	__protein3_rbs	2.0	0.0	0.0
73	__ribosome	42.7	0.0	0.0
73	__rnase_site_ext	11.4	0.0	0.0
73	p0	0.9	0.0	0.0
73	protein1	215.7	11.4	2.4156477
73	protein2	152.9	9.0	2.1224205
73	protein3	57.4	4.2	2.6383334
73	r1	9.0	0.0	0.0
73	rnapol	1.1	0.0	0.0
74	__protein1_rbs	6.5	0.0	0.0
74	__protein2_rbs	5.3	0.0	0.0
74	__protein3_rbs	2.3	0.0	0.0
74	__ribosome	43.9	0.0	0.0
74	__rnase_site_ext	11.5	0.0	0.0
74	p0	1.0	0.0	0.0
74	protein1	221.2	11.4	2.3214437
74	protein2	157.3	9.1	2.0654761
74	protein3	59.1	4.3	2.6433333
74	r1	8.9	0.0	0.0
74	rnapol	1.3	0.0	0.0
75	__protein1_rbs	5.9	0.0	0.0
75	__protein2_rbs	3.4	0.0	0.0
75	__protein3_rbs	2.0	0.0	0.0
75	__ribosome	41.3	0.0	0.0
75	__rnase_site_ext	11.6	0.0	0.0
75	p0	0.8	0.0	0.0
75	protein1	226.1	11.5	2.3650234
75	protein2	161.2	9.1	2.2701985000000002
75	protein3	61.3	4.4	2.56
75	r1	8.9	0.0	0.0
75	rnapol	1.2	0.0	0.0
76	__protein1_rbs	5.4	0.0	0.0
76	__protein2_rbs	5.3	0.0	0.0
76	__protein3_rbs	2.9	0.0	0.0
76	__ribosome	41.7	0.0	0.0
76	__rnase_site_ext	12.0	0.0	0.0
76	p0	0.7	0.0	0.0
76	protein1	231.8	11.6	2.3915867000000004
76	protein2	164.1	9.2	2.2948954
76	protein3	63.7	4.3	2.3466666000000003
76	r1	9.1	0.0	0.0
76	rnapol	0.9	0.0	0.0
77	__protein1_rbs	6.6	0.0	0.0
77	__protein2_rbs	5.3	0.0	0.0
77	__protein3_rbs	2.8	0.0	0.0
77	__ribosome	42.3	0.0	0.0
77	__rnase_site_ext	12.1	0.0	0.0
77	p0	0.9	0.0	0.0
77	protein1	237.3	11.7	2.3063003
77	protein2	167.9	9.2	2.3035318
77	protein3	65.7	4.5	2.0749999
77	r1	9.1	0.0	0.0
77	rnapol	0.8	0.0	0.0
78	__protein1_rbs	6.5	0.0	0.0
78	__protein2_rbs	5.4	0.0	0.0
78	__protein3_rbs	2.1	0.0	0.0
78	__ribosome	42.1	0.0	0.0
78	__rnase_site_ext	12.3	0.0	0.0
78	p0	0.6	0.0	0.0
78	protein1	242.5	12.0	2.2606027
78	protein2	172.0	9.2	2.3025397
78	protein3	68.1	4.8	1.9864286
78	r1	9.1	0.0	0.0
78	rnapol	0.6	0.0	0.0
79	__protein1_rbs	5.6	0.0	0.0
79	__protein2_rbs	6.1	0.0	0.0
79	__protein3_rbs	2.8	0.0	0.0
79	__ribosome	40.2	0.0	0.0
79	__rnase_site_ext	12.6	0.0	0.0
79	p0	0.9	0.0	0.0
79	protein1	247.4	12.2	2.3768615
79	protein2	175.4	9.4	2.2324207
79	protein3	69.8	4.8	2.0964286
79	r1	9.0	0.0	0.0
79	rnapol	0.6	0.0	0.0
80	__protein1_rbs	6.3	0.0	0.0
80	__protein2_rbs	4.5	0.0	0.0
80	__protein3_rbs	3.2	0.0	0.0
80	__ribosome	41.0	0.0	0.0
80	__rnase_site_ext	12.7	0.0	0.0
80	p0	0.8	0.0	0.0
80	protein1	253.1	12.5	2.3422727
80	protein2	181.2	9.1	2.1790151
80	protein3	71.6	4.9	2.0664285
80	r1	9.1	0.0	0.0
80	rnapol	0.7	0.0	0.0
81	__protein1_rbs	7.8	0.0	0.0
81	__protein2_rbs	4.4	0.0	0.0
81	__protein3_rbs	2.7	0.0	0.0
81	__ribosome	39.9	0.0	0.0
81	__rnase_site_ext	12.9	0.0	0.0
81	p0	0.9	0.0	0.0
81	protein1	258.4	12.7	2.2910823
81	protein2	184.9	9.1	2.2389394
81	protein3	73.1	5.0	2.1495238
81	r1	9.1	0.0	0.0
81	rnapol	0.7	0.0	0.0
82	__protein1_rbs	7.2	0.0	0.0
82	__protein2_rbs	4.6	0.0	0.0
82	__protein3_rbs	2.9	0.0	0.0
82	__ribosome	40.5	0.0	0.0
82	__rnase_site_ext	12.9	0.0	0.0
82	p0	1.0	0.0	0.0
82	protein1	264.2	12.9	2.1989278000000003
82	protein2	189.1	9.2	2.2540909
82	protein3	75.6	5.1	2.0402381000000003
82	r1	9.5	0.0	0.0
82	rnapol	1.0	0.0	0.0
83	__protein1_rbs	7.7	0.0	0.0
83	__protein2_rbs	4.5	0.0	0.0
83	__protein3_rbs	3.4	0.0	0.0
83	__ribosome	40.3	0.0	0.0
83	__rnase_site_ext	13.0	0.0	0.0
83	p0	0.9	0.0	0.0
83	protein1	269.6	12.9	2.1660388999999998
83	protein2	192.8	9.2	2.2896969
83	protein3	77.8	5.3	1.9635714
83	r1	9.7	0.0	0.0
83	rnapol	1.1	0.0	0.0
84	__protein1_rbs	6.9	0.0	0.0
84	__protein2_rbs	4.9	0.0	0.0
84	__protein3_rbs	2.5	0.0	0.0
84	__ribosome	38.3	0.0	0.0
84	__rnase_site_ext	13.1	0.0	0.0
84	p0	0.8	0.0	0.0
84	protein1	275.4	13.0	2.1904811
84	protein2	196.6	9.4	2.3002778
84	protein3	79.6	5.3	2.1378571
84	r1	9.8	0.0	0.0
84	rnapol	1.1	0.0	0.0
85	__protein1_rbs	6.8	0.0	0.0
85	__protein2_rbs	4.8	0.0	0.0
85	__protein3_rbs	3.0	0.0	0.0
85	__ribosome	37.7	0.0	0.0
85	__rnase_site_ext	13.2	0.0	0.0
85	p0	1.0	0.0	0.0
85	protein1	281.2	13.0	2.2342341
85	protein2	200.5	9.4	2.2931312000000004
85	protein3	81.5	5.4	2.1364285
85	r1	9.9	0.0	0.0
85	rnapol	1.2	0.0	0.0
86	__protein1_rbs	7.7	0.0	0.0
86	__protein2_rbs	5.0	0.0	0.0
86	__protein3_rbs	2.8	0.0	0.0
86	__ribosome	38.3	0.0	0.0
86	__rnase_site_ext	13.4	0.0	0.0
86	p0	0.7	0.0	0.0
86	protein1	287.0	13.2	2.1514478
86	protein2	205.6	9.6	2.2340151
86	protein3	83.5	5.4	2.2603571
86	r1	10.0	0.0	0.0
86	rnapol	0.9	0.0	0.0
87	__protein1_rbs	6.6	0.0	0.0
87	__protein2_rbs	5.2	0.0	0.0
87	__protein3_rbs	3.6	0.0	0.0
87	__ribosome	37.3	0.0	0.0
87	__rnase_site_ext	13.5	0.0	0.0
87	p0	1.0	0.0	0.0
87	protein1	292.2	13.2	2.2468078
87	protein2	210.1	9.8	2.2138073
87	protein3	85.8	5.6	2.0827381000000003
87	r1	10.2	0.0	0.0
87	rnapol	1.2	0.0	0.0
88	__protein1_rbs	7.0	0.0	0.0
88	__protein2_rbs	5.6	0.0	0.0
88	__protein3_rbs	3.1	0.0	0.0
88	__ribosome	36.5	0.0	0.0
88	__rnase_site_ext	13.8	0.0	0.0
88	p0	0.7	0.0	0.0
88	protein1	297.8	13.5	2.2315206
88	protein2	213.7	10.0	2.2068688000000005
88	protein3	88.5	5.7	2.0611111
88	r1	10.2	0.0	0.0
88	rnapol	0.9	0.0	0.0
89	__protein1_rbs	8.6	0.0	0.0
89	__protein2_rbs	6.1	0.0	0.0
89	__protein3_rbs	3.1	0.0	0.0
89	__ribosome	37.0	0.0	0.0
89	__rnase_site_ext	13.9	0.0	0.0
89	p0	0.9	0.0	0.0
89	protein1	303.5	13.6	2.1345759
89	protein2	217.0	10.2	2.2587157
89	protein3	91.4	5.7	2.0157143
89	r1	10.3	0.0	0.0
89	rnapol	0.9	0.0	0.0
90	__protein1_rbs	9.1	0.0	0.0
90	__protein2_rbs	5.9	0.0	0.0
90	__protein3_rbs	3.3	0.0	0.0
90	__ribosome	37.7	0.0	0.0
90	__rnase_site_ext	14.1	0.0	0.0
90	p0	1.0	0.0	0.0
90	protein1	309.4	13.9	2.0392183
90	protein2	222.0	10.4	2.1462492
90	protein3	93.3	5.7	2.0434524
90	r1	10.2	0.0	0.0
90	rnapol	0.8	0.0	0.0
91	__protein1_rbs	9.0	0.0	0.0
91	__protein2_rbs	5.7	0.0	0.0
91	__protein3_rbs	2.9	0.0	0.0
91	__ribosome	37.3	0.0	0.0
91	__rnase_site_ext	14.2	0.0	0.0
91	p0	0.8	0.0	0.0
91	protein1	315.4	14.1	1.9585183000000002
91	protein2	226.4	10.3	2.1884704
91	protein3	95.1	5.7	2.2125
91	r1	10.3	0.0	0.0
91	rnapol	0.9	0.0	0.0
92	__protein1_rbs	7.4	0.0	0.0
92	__protein2_rbs	4.1	0.0	0.0
92	__protein3_rbs	3.5	0.0	0.0
92	__ribosome	34.4	0.0	0.0
92	__rnase_site_ext	14.4	0.0	0.0
92	p0	0.9	0.0	0.0
92	protein1	320.7	14.2	2.0593019000000004
92	protein2	230.7	10.2	2.3358708
92	protein3	97.6	5.9	2.1383334
92	r1	10.4	0.0	0.0
92	rnapol	1.1	0.0	0.0
93	__protein1_rbs	9.1	0.0	0.0
93	__protein2_rbs	6.3	0.0	0.0
93	__protein3_rbs	4.1	0.0	0.0
93	__ribosome	37.1	0.0	0.0
93	__rnase_site_ext	14.6	0.0	0.0
93	p0	0.8	0.0	0.0
93	protein1	327.0	14.3	1.9526269
93	protein2	234.9	10.3	2.285187
93	protein3	100.5	6.1	1.8858333000000005
93	r1	10.4	0.0	0.0
93	rnapol	1.0	0.0	0.0
94	__protein1_rbs	8.0	0.0	0.0
94	__protein2_rbs	5.4	0.0	0.0
94	__protein3_rbs	3.0	0.0	0.0
94	__ribosome	34.5	0.0	0.0
94	__rnase_site_ext	14.8	0.0	0.0
94	p0	0.7	0.0	0.0
94	protein1	332.1	14.5	2.0140272
94	protein2	239.3	10.4	2.3385724999999997
94	protein3	102.6	6.0	2.0621429
94	r1	10.6	0.0	0.0
94	rnapol	0.9	0.0	0.0
95	__protein1_rbs	8.3	0.0	0.0
95	__protein2_rbs	5.9	0.0	0.0
95	__protein3_rbs	3.8	0.0	0.0
95	__ribosome	34.3	0.0	0.0
95	__rnase_site_ext	15.0	0.0	0.0
95	p0	0.7	0.0	0.0
95	protein1	337.4	14.7	2.0632651
95	protein2	244.4	10.5	2.2543372999999995
95	protein3	105.0	6.1	1.9773809
95	r1	10.7	0.0	0.0
95	rnapol	1.0	0.0	0.0
96	__protein1_rbs	9.4	0.0	0.0
96	__protein2_rbs	7.0	0.0	0.0
96	__protein3_rbs	2.5	0.0	0.0
96	__ribosome	34.3	0.0	0.0
96	__rnase_site_ext	15.2	0.0	0.0
96	p0	0.9	0.0	0.0
96	protein1	343.2	14.9	2.0187697
96	protein2	248.4	10.5	2.196575
96	protein3	107.8	6.0	2.1907144
96	r1	10.9	0.0	0.0
96	rnapol	1.0	0.0	0.0
97	__protein1_rbs	8.8	0.0	0.0
97	__protein2_rbs	5.8	0.0	0.0
97	__protein3_rbs	3.8	0.0	0.0
97	__ribosome	35.0	0.0	0.0
97	__rnase_site_ext	15.4	0.0	0.0
97	p0	0.8	0.0	0.0
97	protein1	349.5	15.2	1.9597679000000003
97	protein2	254.1	10.5	2.1012209
97	protein3	109.5	6.0	2.2616666000000003
97	r1	11.1	0.0	0.0
97	rnapol	0.9	0.0	0.0
98	__protein1_rbs	8.6	0.0	0.0
98	__protein2_rbs	6.5	0.0	0.0
98	__protein3_rbs	3.4	0.0	0.0
98	__ribosome	34.7	0.0	0.0
98	__rnase_site_ext	15.7	0.0	0.0
98	p0	0.7	0.0	0.0
98	protein1	355.6	15.3	1.9664706000000003
98	protein2	258.2	10.6	2.0760898
98	protein3	111.8	6.0	2.2841667
98	r1	10.9	0.0	0.0
98	rnapol	0.9	0.0	0.0
99	__protein1_rbs	9.6	0.0	0.0
99	__protein2_rbs	5.7	0.0	0.0
99	__protein3_rbs	3.3	0.0	0.0
99	__ribosome	35.0	0.0	0.0
99	__rnase_site_ext	15.8	0.0	0.0
99	p0	0.9	0.0	0.0
99	protein1	361.7	15.6	1.9288783000000005
99	protein2	263.0	10.8	2.0538365
99	protein3	114.7	6.0	2.2266666
99	r1	11.0	0.0	0.0
99	rnapol	1.0	0.0	0.0
100	__protein1_rbs	9.4	0.0	0.0
100	__protein2_rbs	6.2	0.0	0.0
100	__protein3_rbs	3.6	0.0	0.0
100	__ribosome	34.9	0.0	0.0
100	__rnase_site_ext	15.9	0.0	0.0
100	p0	0.9	0.0	0.0
100	protein1	367.8	15.7	1.9350909
100	protein2	267.5	10.9	2.0470825
100	protein3	117.0	5.9	2.2409522999999996
100	r1	11.3	0.0	0.0
100	rnapol	1.0	0.0	0.0
101	__protein1_rbs	9.8	0.0	0.0
101	__protein2_rbs	6.5	0.0	0.0
101	__protein3_rbs	3.7	0.0	0.0
101	__ribosome	34.2	0.0	0.0
101	__rnase_site_ext	16.2	0.0	0.0
101	p0	0.8	0.0	0.0
101	protein1	373.3	15.9	1.9503204
101	protein2	271.0	11.2	2.0496037
101	protein3	120.0	5.9	2.0777381000000004
101	r1	11.4	0.0	0.0
101	rnapol	0.8	0.0	0.0
102	__protein1_rbs	8.1	0.0	0.0
102	__protein2_rbs	6.5	0.0	0.0
102	__protein3_rbs	3.6	0.0	0.0
102	__ribosome	32.5	0.0	0.0
102	__rnase_site_ext	16.3	0.0	0.0
102	p0	1.0	0.0	0.0
102	protein1	379.1	16.1	2.0336033
102	protein2	275.2	11.2	2.0738733000000003
102	protein3	122.7	5.9	2.0304762
102	r1	11.7	0.0	0.0
102	rnapol	0.9	0.0	0.0
103	__protein1_rbs	9.1	0.0	0.0
103	__protein2_rbs	7.2	0.0	0.0
103	__protein3_rbs	4.1	0.0	0.0
103	__ribosome	32.4	0.0	0.0
103	__rnase_site_ext	16.4	0.0	0.0
103	p0	0.9	0.0	0.0
103	protein1	385.5	16.3	2.0584531000000004
103	protein2	279.8	11.3	2.035847
103	protein3	125.4	6.1	1.8233333000000005
103	r1	11.7	0.0	0.0
103	rnapol	0.8	0.0	0.0
104	__protein1_rbs	10.2	0.0	0.0
104	__protein2_rbs	6.7	0.0	0.0
104	__protein3_rbs	4.0	0.0	0.0
104	__ribosome	31.4	0.0	0.0
104	__rnase_site_ext	16.6	0.0	0.0
104	p0	0.7	0.0	0.0
104	protein1	390.8	16.3	2.0942537000000003
104	protein2	284.5	11.6	1.9765074
104	protein3	127.1	6.1	1.9058333
104	r1	11.7	0.0	0.0
104	rnapol	0.5	0.0	0.0
105	__protein1_rbs	10.9	0.0	0.0
105	__protein2_rbs	7.0	0.0	0.0
105	__protein3_rbs	3.7	0.0	0.0
105	__ribosome	32.5	0.0	0.0
105	__rnase_site_ext	16.8	0.0	0.0
105	p0	1.0	0.0	0.0
105	protein1	397.2	16.6	2.0367888
105	protein2	289.4	11.7	1.9174526000000005
105	protein3	129.8	6.2	1.8689286
105	r1	11.8	0.0	0.0
105	rnapol	0.4	0.0	0.0
106	__protein1_rbs	10.3	0.0	0.0
106	__protein2_rbs	6.3	0.0	0.0
106	__protein3_rbs	3.6	0.0	0.0
106	__ribosome	31.0	0.0	0.0
106	__rnase_site_ext	16.9	0.0	0.0
106	p0	0.9	0.0	0.0
106	protein1	403.7	16.8	2.0223693
106	protein2	294.1	11.8	1.9608026000000005
106	protein3	132.1	6.5	1.8657143
106	r1	11.7	0.0	0.0
106	rnapol	0.5	0.0	0.0
107	__protein1_rbs	10.3	0.0	0.0
107	__protein2_rbs	7.5	0.0	0.0
107	__protein3_rbs	3.6	0.0	0.0
107	__ribosome	32.1	0.0	0.0
107	__rnase_site_ext	17.0	0.0	0.0
107	p0	0.9	0.0	0.0
107	protein1	411.7	16.9	1.9086059
107	protein2	297.9	11.8	1.9991142
107	protein3	134.7	6.5	1.9015476
107	r1	11.9	0.0	0.0
107	rnapol	0.4	0.0	0.0
108	__protein1_rbs	10.6	0.0	0.0
108	__protein2_rbs	7.0	0.0	0.0
108	__protein3_rbs	4.4	0.0	0.0
108	__ribosome	32.3	0.0	0.0
108	__rnase_site_ext	17.0	0.0	0.0
108	p0	1.0	0.0	0.0
108	protein1	418.4	16.9	1.8884328
108	protein2	302.3	12.1	1.9912389
108	protein3	136.8	6.4	1.9064286
108	r1	11.9	0.0	0.0
108	rnapol	0.7	0.0	0.0
109	__protein1_rbs	11.2	0.0	0.0
109	__protein2_rbs	7.7	0.0	0.0
109	__protein3_rbs	3.9	0.0	0.0
109	__ribosome	32.0	0.0	0.0
109	__rnase_site_ext	17.0	0.0	0.0
109	p0	1.0	0.0	0.0
109	protein1	424.6	17.0	1.8586889
109	protein2	306.9	12.0	2.021163
109	protein3	139.1	6.6	1.9307143
109	r1	12.1	0.0	0.0
109	rnapol	0.8	0.0	0.0
110	__protein1_rbs	10.0	0.0	0.0
110	__protein2_rbs	7.4	0.0	0.0
110	__protein3_rbs	3.8	0.0	0.0
110	__ribosome	29.4	0.0	0.0
110	__rnase_site_ext	17.2	0.0	0.0
110	p0	0.8	0.0	0.0
110	protein1	430.4	17.0	1.9562857
110	protein2	311.5	12.0	2.0495687
110	protein3	141.3	6.6	2.0384523999999997
110	r1	12.3	0.0	0.0
110	rnapol	1.0	0.0	0.0
111	__protein1_rbs	10.3	0.0	0.0
111	__protein2_rbs	8.4	0.0	0.0
111	__protein3_rbs	3.9	0.0	0.0
111	__ribosome	30.7	0.0	0.0
111	__rnase_site_ext	17.2	0.0	0.0
111	p0	1.0	0.0	0.0
111	protein1	436.8	17.0	1.9612645000000004
111	protein2	316.8	12.1	1.9428846999999998
111	protein3	144.1	6.7	1.9446428
111	r1	12.2	0.0	0.0
111	rnapol	1.3	0.0	0.0
112	__protein1_rbs	11.5	0.0	0.0
112	__protein2_rbs	8.1	0.0	0.0
112	__protein3_rbs	4.9	0.0	0.0
112	__ribosome	31.8	0.0	0.0
112	__rnase_site_ext	17.4	0.0	0.0
112	p0	0.7	0.0	0.0
112	protein1	442.7	17.2	1.9269625
112	protein2	321.2	12.2	1.9136830000000002
112	protein3	146.6	6.7	1.7975
112	r1	12.3	0.0	0.0
112	rnapol	1.2	0.0	0.0
113	__protein1_rbs	9.6	0.0	0.0
113	__protein2_rbs	7.5	0.0	0.0
113	__protein3_rbs	3.9	0.0	0.0
113	__ribosome	30.0	0.0	0.0
113	__rnase_site_ext	17.5	0.0	0.0
113	p0	1.0	0.0	0.0
113	protein1	449.9	17.2	1.957407
113	protein2	325.8	12.3	1.9084353
113	protein3	148.5	6.9	1.9139286
113	r1	12.1	0.0	0.0
113	rnapol	1.3	0.0	0.0
114	__protein1_rbs	11.3	0.0	0.0
114	__protein2_rbs	7.9	0.0	0.0
114	__protein3_rbs	4.0	0.0	0.0
114	__ribosome	31.9	0.0	0.0
114	__rnase_site_ext	17.6	0.0	0.0
114	p0	0.7	0.0	0.0
114	protein1	456.3	17.5	1.8755732000000005
114	protein2	330.9	12.3	1.8538519
114	protein3	151.5	6.9	1.8490476
114	r1	12.1	0.0	0.0
114	rnapol	1.1	0.0	0.0
115	__protein1_rbs	11.2	0.0	0.0
115	__protein2_rbs	7.4	0.0	0.0
115	__protein3_rbs	4.2	0.0	0.0
115	__ribosome	32.4	0.0	0.0
115	__rnase_site_ext	17.8	0.0	0.0
115	p0	0.9	0.0	0.0
115	protein1	463.6	17.6	1.8210918000000005
115	protein2	335.8	12.4	1.8386656000000003
115	protein3	154.1	6.8	1.882619
115	r1	12.0	0.0	0.0
115	rnapol	1.2	0.0	0.0
116	__protein1_rbs	10.4	0.0	0.0
116	__protein2_rbs	7.9	0.0	0.0
116	__protein3_rbs	4.6	0.0	0.0
116	__ribosome	30.9	0.0	0.0
116	__rnase_site_ext	18.0	0.0	0.0
116	p0	0.7	0.0	0.0
116	protein1	469.8	17.7	1.8761476
116	protein2	339.8	12.5	1.9026515
116	protein3	156.8	7.0	1.7611905
116	r1	11.9	0.0	0.0
116	rnapol	1.2	0.0	0.0
117	__protein1_rbs	10.9	0.0	0.0
117	__protein2_rbs	7.7	0.0	0.0
117	__protein3_rbs	4.4	0.0	0.0
117	__ribosome	29.5	0.0	0.0
117	__rnase_site_ext	18.2	0.0	0.0
117	p0	0.8	0.0	0.0
117	protein1	476.0	18.0	1.8869055000000003
117	protein2	344.4	12.3	1.9274213
117	protein3	158.5	7.2	1.8190477
117	r1	12.1	0.0	0.0
117	rnapol	1.2	0.0	0.0
118	__protein1_rbs	11.5	0.0	0.0
118	__protein2_rbs	7.0	0.0	0.0
118	__protein3_rbs	3.5	0.0	0.0
118	__ribosome	28.9	0.0	0.0
118	__rnase_site_ext	18.5	0.0	0.0
118	p0	0.8	0.0	0.0
118	protein1	482.9	18.1	1.8337229
118	protein2	348.7	12.2	1.9952651999999997
118	protein3	161.3	7.2	1.9196429
118	r1	12.3	0.0	0.0
118	rnapol	1.1	0.0	0.0
119	__protein1_rbs	11.6	0.0	0.0
119	__protein2_rbs	7.7	0.0	0.0
119	__protein3_rbs	5.4	0.0	0.0
119	__ribosome	30.2	0.0	0.0
119	__rnase_site_ext	18.6	0.0	0.0
119	p0	0.8	0.0	0.0
119	protein1	488.8	18.3	1.8436067999999999
119	protein2	353.8	12.2	1.922538
119	protein3	164.1	7.4	1.7303572000000005
119	r1	12.3	0.0	0.0
119	rnapol	0.9	0.0	0.0
120	__protein1_rbs	11.6	0.0	0.0
120	__protein2_rbs	7.4	0.0	0.0
120	__protein3_rbs	4.6	0.0	0.0
120	__ribosome	28.6	0.0	0.0
120	__rnase_site_ext	18.8	0.0	0.0
120	p0	0.9	0.0	0.0
120	protein1	495.6	18.6	1.8274535
120	protein2	358.2	12.4	1.9539773
120	protein3	166.5	7.5	1.775
120	r1	12.4	0.0	0.0
120	rnapol	1.0	0.0	0.0
121	__protein1_rbs	11.0	0.0	0.0
121	__protein2_rbs	7.5	0.0	0.0
121	__protein3_rbs	5.3	0.0	0.0
121	__ribosome	28.2	0.0	0.0
121	__rnase_site_ext	19.0	0.0	0.0
121	p0	0.8	0.0	0.0
121	protein1	502.0	18.7	1.9037698
121	protein2	363.6	12.2	1.8942804
121	protein3	169.0	7.7	1.7190476000000003
121	r1	12.4	0.0	0.0
121	rnapol	1.0	0.0	0.0
122	__protein1_rbs	12.2	0.0	0.0
122	__protein2_rbs	7.1	0.0	0.0
122	__protein3_rbs	4.5	0.0	0.0
122	__ribosome	27.7	0.0	0.0
122	__rnase_site_ext	19.0	0.0	0.0
122	p0	1.0	0.0	0.0
122	protein1	509.2	18.9	1.836212
122	protein2	367.8	12.3	1.9415502
122	protein3	171.5	7.5	1.8402777
122	r1	12.6	0.0	0.0
122	rnapol	1.1	0.0	0.0
123	__protein1_rbs	11.3	0.0	0.0
123	__protein2_rbs	7.7	0.0	0.0
123	__protein3_rbs	4.7	0.0	0.0
123	__ribosome	26.7	0.0	0.0
123	__rnase_site_ext	19.3	0.0	0.0
123	p0	0.6	0.0	0.0
123	protein1	515.6	19.0	1.8838123
123	protein2	372.3	12.4	1.9453031000000005
123	protein3	174.6	7.6	1.7642857999999997
123	r1	12.8	0.0	0.0
123	rnapol	0.9	0.0	0.0
124	__protein1_rbs	12.0	0.0	0.0
124	__protein2_rbs	8.4	0.0	0.0
124	__protein3_rbs	5.0	0.0	0.0
124	__ribosome	27.4	0.0	0.0
124	__rnase_site_ext	19.4	0.0	0.0
124	p0	0.8	0.0	0.0
124	protein1	522.4	19.1	1.8740047999999998
124	protein2	377.5	12.6	1.8291374
124	protein3	176.9	7.7	1.8162699
124	r1	12.8	0.0	0.0
124	rnapol	0.9	0.0	0.0
125	__protein1_rbs	12.8	0.0	0.0
125	__protein2_rbs	8.0	0.0	0.0
125	__protein3_rbs	5.0	0.0	0.0
125	__ribosome	26.6	0.0	0.0
125	__rnase_site_ext	19.6	0.0	0.0
125	p0	0.9	0.0	0.0
125	protein1	529.1	19.4	1.846486
125	protein2	381.7	12.8	1.8763345
125	protein3	179.6	7.7	1.8095238999999999
125	r1	12.8	0.0	0.0
125	rnapol	1.0	0.0	0.0
126	__protein1_rbs	12.3	0.0	0.0
126	__protein2_rbs	8.1	0.0	0.0
126	__protein3_rbs	5.1	0.0	0.0
126	__ribosome	27.3	0.0	0.0
126	__rnase_site_ext	19.8	0.0	0.0
126	p0	0.9	0.0	0.0
126	protein1	537.1	19.6	1.7955622999999998
126	protein2	386.6	13.0	1.8454599999999999
126	protein3	182.4	7.7	1.8011906000000004
126	r1	13.1	0.0	0.0
126	rnapol	1.0	0.0	0.0
127	__protein1_rbs	11.8	0.0	0.0
127	__protein2_rbs	7.9	0.0	0.0
127	__protein3_rbs	5.0	0.0	0.0
127	__ribosome	27.4	0.0	0.0
127	__rnase_site_ext	19.8	0.0	0.0
127	p0	0.7	0.0	0.0
127	protein1	543.8	19.8	1.8124155
127	protein2	391.6	13.0	1.8332979
127	protein3	185.4	7.5	1.775
127	r1	13.1	0.0	0.0
127	rnapol	0.8	0.0	0.0
128	__protein1_rbs	12.0	0.0	0.0
128	__protein2_rbs	8.5	0.0	0.0
128	__protein3_rbs	4.8	0.0	0.0
128	__ribosome	27.4	0.0	0.0
128	__rnase_site_ext	20.1	0.0	0.0
128	p0	0.9	0.0	0.0
128	protein1	551.2	19.8	1.8206841
128	protein2	396.3	13.0	1.8156406000000005
128	protein3	187.7	7.4	1.8196429000000005
128	r1	13.3	0.0	0.0
128	rnapol	0.8	0.0	0.0
129	__protein1_rbs	13.2	0.0	0.0
129	__protein2_rbs	7.4	0.0	0.0
129	__protein3_rbs	4.5	0.0	0.0
129	__ribosome	26.4	0.0	0.0
129	__rnase_site_ext	20.3	0.0	0.0
129	p0	0.8	0.0	0.0
129	protein1	558.2	20.1	1.7881339
129	protein2	400.9	13.0	1.8562791
129	protein3	190.3	7.5	1.8555556
129	r1	13.5	0.0	0.0
129	rnapol	0.8	0.0	0.0
130	__protein1_rbs	14.5	0.0	0.0
130	__protein2_rbs	7.7	0.0	0.0
130	__protein3_rbs	4.8	0.0	0.0
130	__ribosome	26.0	0.0	0.0
130	__rnase_site_ext	20.5	0.0	0.0
130	p0	0.8	0.0	0.0
130	protein1	564.3	20.3	1.7593861000000002
130	protein2	405.5	13.3	1.8852481
130	protein3	193.4	7.6	1.7900794999999998
130	r1	13.7	0.0	0.0
130	rnapol	0.8	0.0	0.0
131	__protein1_rbs	12.5	0.0	0.0
131	__protein2_rbs	9.1	0.0	0.0
131	__protein3_rbs	4.5	0.0	0.0
131	__ribosome	26.8	0.0	0.0
131	__rnase_site_ext	20.6	0.0	0.0
131	p0	0.8	0.0	0.0
131	protein1	572.5	20.3	1.7646490999999995
131	protein2	410.3	13.4	1.8345139000000004
131	protein3	196.6	7.7	1.7601190000000002
131	r1	13.7	0.0	0.0
131	rnapol	0.6	0.0	0.0
132	__protein1_rbs	12.4	0.0	0.0
132	__protein2_rbs	8.9	0.0	0.0
132	__protein3_rbs	4.7	0.0	0.0
132	__ribosome	24.6	0.0	0.0
132	__rnase_site_ext	20.6	0.0	0.0
132	p0	1.0	0.0	0.0
132	protein1	579.1	20.6	1.7961047999999995
132	protein2	414.8	13.4	1.8062471000000002
132	protein3	198.4	7.8	1.8746032
132	r1	13.9	0.0	0.0
132	rnapol	0.6	0.0	0.0
133	__protein1_rbs	12.4	0.0	0.0
133	__protein2_rbs	8.8	0.0	0.0
133	__protein3_rbs	5.3	0.0	0.0
133	__ribosome	23.7	0.0	0.0
133	__rnase_site_ext	20.7	0.0	0.0
133	p0	1.0	0.0	0.0
133	protein1	586.8	20.6	1.8150626000000003
133	protein2	418.9	13.7	1.8137044
133	protein3	201.1	8.0	1.7855161
133	r1	13.8	0.0	0.0
133	rnapol	0.6	0.0	0.0
134	__protein1_rbs	13.2	0.0	0.0
134	__protein2_rbs	9.7	0.0	0.0
134	__protein3_rbs	5.7	0.0	0.0
134	__ribosome	25.7	0.0	0.0
134	__rnase_site_ext	20.7	0.0	0.0
134	p0	1.0	0.0	0.0
134	protein1	594.1	20.7	1.8017493000000002
134	protein2	424.4	13.8	1.7269139999999998
134	protein3	204.1	8.1	1.7023809999999997
134	r1	14.0	0.0	0.0
134	rnapol	0.8	0.0	0.0
135	__protein1_rbs	14.9	0.0	0.0
135	__protein2_rbs	8.6	0.0	0.0
135	__protein3_rbs	5.2	0.0	0.0
135	__ribosome	25.2	0.0	0.0
135	__rnase_site_ext	21.0	0.0	0.0
135	p0	0.7	0.0	0.0
135	protein1	600.0	20.7	1.8182890999999999
135	protein2	429.9	13.8	1.6955585999999996
135	protein3	206.7	8.0	1.7682541
135	r1	14.1	0.0	0.0
135	rnapol	0.9	0.0	0.0
136	__protein1_rbs	13.0	0.0	0.0
136	__protein2_rbs	8.6	0.0	0.0
136	__protein3_rbs	5.7	0.0	0.0
136	__ribosome	26.1	0.0	0.0
136	__rnase_site_ext	21.1	0.0	0.0
136	p0	0.8	0.0	0.0
136	protein1	608.1	20.8	1.7850360000000003
136	protein2	434.6	14.0	1.6798535
136	protein3	209.6	8.1	1.6803175
136	r1	14.3	0.0	0.0
136	rnapol	0.7	0.0	0.0
137	__protein1_rbs	13.7	0.0	0.0
137	__protein2_rbs	9.3	0.0	0.0
137	__protein3_rbs	6.1	0.0	0.0
137	__ribosome	26.4	0.0	0.0
137	__rnase_site_ext	21.3	0.0	0.0
137	p0	0.9	0.0	0.0
137	protein1	615.2	21.0	1.7737083999999999
137	protein2	438.5	14.1	1.6935898999999999
137	protein3	212.6	8.2	1.5775397000000002
137	r1	14.5	0.0	0.0
137	rnapol	0.9	0.0	0.0
138	__protein1_rbs	13.3	0.0	0.0
138	__protein2_rbs	10.3	0.0	0.0
138	__protein3_rbs	5.1	0.0	0.0
138	__ribosome	29.2	0.0	0.0
138	__rnase_site_ext	21.3	0.0	0.0
138	p0	1.0	0.0	0.0
138	protein1	623.7	21.2	1.6795494000000002
138	protein2	443.8	14.1	1.6186447000000002
138	protein3	215.5	8.1	1.5595238
138	r1	14.5	0.0	0.0
138	rnapol	1.0	0.0	0.0
139	__protein1_rbs	13.3	0.0	0.0
139	__protein2_rbs	8.8	0.0	0.0
139	__protein3_rbs	5.4	0.0	0.0
139	__ribosome	27.8	0.0	0.0
139	__rnase_site_ext	21.4	0.0	0.0
139	p0	0.9	0.0	0.0
139	protein1	631.2	21.3	1.7056043
139	protein2	448.6	14.2	1.6576877
139	protein3	217.9	8.1	1.5517063999999998
139	r1	14.6	0.0	0.0
139	rnapol	1.1	0.0	0.0
140	__protein1_rbs	14.4	0.0	0.0
140	__protein2_rbs	9.5	0.0	0.0
140	__protein3_rbs	5.5	0.0	0.0
140	__ribosome	26.1	0.0	0.0
140	__rnase_site_ext	21.5	0.0	0.0
140	p0	0.9	0.0	0.0
140	protein1	637.5	21.4	1.7292206999999995
140	protein2	453.0	14.4	1.6743223000000005
140	protein3	220.5	8.2	1.5686508
140	r1	14.6	0.0	0.0
140	rnapol	1.1	0.0	0.0
141	__protein1_rbs	14.8	0.0	0.0
141	__protein2_rbs	9.6	0.0	0.0
141	__protein3_rbs	5.4	0.0	0.0
141	__ribosome	25.9	0.0	0.0
141	__rnase_site_ext	21.5	0.0	0.0
141	p0	1.0	0.0	0.0
141	protein1	644.9	21.5	1.698443
141	protein2	457.5	14.5	1.6781546999999999
141	protein3	222.9	8.3	1.5978572000000002
141	r1	14.8	0.0	0.0
141	rnapol	1.3	0.0	0.0
142	__protein1_rbs	13.9	0.0	0.0
142	__protein2_rbs	10.2	0.0	0.0
142	__protein3_rbs	6.5	0.0	0.0
142	__ribosome	25.6	0.0	0.0
142	__rnase_site_ext	21.7	0.0	0.0
142	p0	0.8	0.0	0.0
142	protein1	651.9	21.5	1.7098112999999997
142	protein2	462.3	14.6	1.663631
142	protein3	225.1	8.7	1.5320851
142	r1	15.0	0.0	0.0
142	rnapol	1.2	0.0	0.0
143	__protein1_rbs	12.8	0.0	0.0
143	__protein2_rbs	10.5	0.0	0.0
143	__protein3_rbs	5.5	0.0	0.0
143	__ribosome	24.0	0.0	0.0
143	__rnase_site_ext	21.7	0.0	0.0
143	p0	1.0	0.0	0.0
143	protein1	659.0	21.5	1.7649406000000003
143	protein2	466.9	14.5	1.6669322000000002
143	protein3	227.7	8.7	1.6293038
143	r1	15.1	0.0	0.0
143	rnapol	1.2	0.0	0.0
144	__protein1_rbs	14.3	0.0	0.0
144	__protein2_rbs	9.6	0.0	0.0
144	__protein3_rbs	5.7	0.0	0.0
144	__ribosome	25.8	0.0	0.0
144	__rnase_site_ext	21.7	0.0	0.0
144	p0	0.9	0.0	0.0
144	protein1	667.0	21.7	1.7200226000000003
144	protein2	472.4	14.5	1.6011951
144	protein3	230.7	8.6	1.6106494000000002
144	r1	15.0	0.0	0.0
144	rnapol	1.3	0.0	0.0
145	__protein1_rbs	14.8	0.0	0.0
145	__protein2_rbs	9.2	0.0	0.0
145	__protein3_rbs	5.7	0.0	0.0
145	__ribosome	24.2	0.0	0.0
145	__rnase_site_ext	21.9	0.0	0.0
145	p0	0.8	0.0	0.0
145	protein1	674.3	21.7	1.7048283000000002
145	protein2	476.9	14.7	1.6571565
145	protein3	233.3	8.7	1.6898519999999997
145	r1	15.0	0.0	0.0
145	rnapol	1.3	0.0	0.0
146	__protein1_rbs	14.7	0.0	0.0
146	__protein2_rbs	10.4	0.0	0.0
146	__protein3_rbs	5.9	0.0	0.0
146	__ribosome	22.6	0.0	0.0
146	__rnase_site_ext	21.9	0.0	0.0
146	p0	1.0	0.0	0.0
146	protein1	680.7	21.9	1.7316546999999998
146	protein2	481.4	15.0	1.6242720000000002
146	protein3	235.5	8.8	1.7360858000000001
146	r1	15.0	0.0	0.0
146	rnapol	1.8	0.0	0.0
147	__protein1_rbs	13.4	0.0	0.0
147	__protein2_rbs	10.6	0.0	0.0
147	__protein3_rbs	5.9	0.0	0.0
147	__ribosome	23.0	0.0	0.0
147	__rnase_site_ext	22.1	0.0	0.0
147	p0	0.7	0.0	0.0
147	protein1	688.2	21.9	1.7442423999999999
147	protein2	486.3	15.1	1.5852381000000002
147	protein3	238.7	9.0	1.6805556
147	r1	15.0	0.0	0.0
147	rnapol	1.5	0.0	0.0
148	__protein1_rbs	15.3	0.0	0.0
148	__protein2_rbs	9.5	0.0	0.0
148	__protein3_rbs	5.5	0.0	0.0
148	__ribosome	23.2	0.0	0.0
148	__rnase_site_ext	22.4	0.0	0.0
148	p0	0.9	0.0	0.0
148	protein1	696.8	22.1	1.6532966999999998
148	protein2	490.6	15.1	1.6391667
148	protein3	241.7	9.1	1.7280556
148	r1	14.8	0.0	0.0
148	rnapol	1.3	0.0	0.0
149	__protein1_rbs	15.8	0.0	0.0
149	__protein2_rbs	10.2	0.0	0.0
149	__protein3_rbs	5.9	0.0	0.0
149	__ribosome	22.8	0.0	0.0
149	__rnase_site_ext	22.8	0.0	0.0
149	p0	0.7	0.0	0.0
149	protein1	703.3	22.4	1.6497775000000001
149	protein2	495.9	15.1	1.6408334
149	protein3	244.7	9.2	1.7213889999999998
149	r1	14.9	0.0	0.0
149	rnapol	1.2	0.0	0.0
150	__protein1_rbs	14.0	0.0	0.0
150	__protein2_rbs	10.2	0.0	0.0
150	__protein3_rbs	5.8	0.0	0.0
150	__ribosome	22.4	0.0	0.0
150	__rnase_site_ext	22.8	0.0	0.0
150	p0	1.0	0.0	0.0
150	protein1	710.6	22.6	1.6934328999999997
150	protein2	500.7	15.1	1.6314286
150	protein3	248.5	9.2	1.6319444
150	r1	14.8	0.0	0.0
150	rnapol	1.4	0.0	0.0
151	__protein1_rbs	14.9	0.0	0.0
151	__protein2_rbs	10.9	0.0	0.0
151	__protein3_rbs	6.7	0.0	0.0
151	__ribosome	22.0	0.0	0.0
151	__rnase_site_ext	22.9	0.0	0.0
151	p0	0.8	0.0	0.0
151	protein1	717.3	22.8	1.7076625
151	protein2	505.4	15.0	1.6333195999999996
151	protein3	250.8	9.2	1.6291666999999996
151	r1	15.0	0.0	0.0
151	rnapol	1.6	0.0	0.0
152	__protein1_rbs	16.5	0.0	0.0
152	__protein2_rbs	9.9	0.0	0.0
152	__protein3_rbs	5.6	0.0	0.0
152	__ribosome	22.7	0.0	0.0
152	__rnase_site_ext	23.2	0.0	0.0
152	p0	0.7	0.0	0.0
152	protein1	726.0	22.9	1.6019302
152	protein2	509.7	15.0	1.6834522999999997
152	protein3	253.6	9.1	1.7255556
152	r1	15.0	0.0	0.0
152	rnapol	1.5	0.0	0.0
153	__protein1_rbs	15.6	0.0	0.0
153	__protein2_rbs	9.6	0.0	0.0
153	__protein3_rbs	6.5	0.0	0.0
153	__ribosome	24.0	0.0	0.0
153	__rnase_site_ext	23.3	0.0	0.0
153	p0	0.9	0.0	0.0
153	protein1	733.1	23.0	1.5989079
153	protein2	515.7	14.9	1.6592994
153	protein3	257.0	9.1	1.6380556000000002
153	r1	14.8	0.0	0.0
153	rnapol	1.4	0.0	0.0
154	__protein1_rbs	14.3	0.0	0.0
154	__protein2_rbs	11.2	0.0	0.0
154	__protein3_rbs	6.0	0.0	0.0
154	__ribosome	23.6	0.0	0.0
154	__rnase_site_ext	23.5	0.0	0.0
154	p0	0.5	0.0	0.0
154	protein1	740.0	23.3	1.6701685999999998
154	protein2	520.6	14.9	1.5757364
154	protein3	260.1	9.1	1.5808334
154	r1	15.0	0.0	0.0
154	rnapol	1.3	0.0	0.0
155	__protein1_rbs	14.3	0.0	0.0
155	__protein2_rbs	9.5	0.0	0.0
155	__protein3_rbs	6.4	0.0	0.0
155	__ribosome	23.2	0.0	0.0
155	__rnase_site_ext	24.0	0.0	0.0
155	p0	1.0	0.0	0.0
155	protein1	747.8	23.5	1.6914501999999998
155	protein2	525.9	15.1	1.534264
155	protein3	263.2	9.1	1.5508333
155	r1	15.4	0.0	0.0
155	rnapol	1.3	0.0	0.0
156	__protein1_rbs	16.0	0.0	0.0
156	__protein2_rbs	11.0	0.0	0.0
156	__protein3_rbs	5.8	0.0	0.0
156	__ribosome	21.2	0.0	0.0
156	__rnase_site_ext	24.0	0.0	0.0
156	p0	0.9	0.0	0.0
156	protein1	755.4	24.0	1.6638303999999997
156	protein2	529.2	15.1	1.5764485
156	protein3	265.6	9.0	1.6943940000000002
156	r1	15.4	0.0	0.0
156	rnapol	1.2	0.0	0.0
157	__protein1_rbs	15.5	0.0	0.0
157	__protein2_rbs	10.1	0.0	0.0
157	__protein3_rbs	6.4	0.0	0.0
157	__ribosome	19.7	0.0	0.0
157	__rnase_site_ext	24.2	0.0	0.0
157	p0	0.8	0.0	0.0
157	protein1	762.3	24.0	1.7493374
157	protein2	534.3	15.3	1.5868163
157	protein3	268.7	9.0	1.5978789
157	r1	15.4	0.0	0.0
157	rnapol	1.0	0.0	0.0
158	__protein1_rbs	16.3	0.0	0.0
158	__protein2_rbs	10.6	0.0	0.0
158	__protein3_rbs	6.4	0.0	0.0
158	__ribosome	20.8	0.0	0.0
158	__rnase_site_ext	24.2	0.0	0.0
158	p0	1.0	0.0	0.0
158	protein1	770.2	24.1	1.7260147
158	protein2	539.7	15.2	1.5561841
158	protein3	271.6	9.0	1.5819948
158	r1	15.7	0.0	0.0
158	rnapol	1.1	0.0	0.0
159	__protein1_rbs	16.0	0.0	0.0
159	__protein2_rbs	9.8	0.0	0.0
159	__protein3_rbs	7.3	0.0	0.0
159	__ribosome	22.4	0.0	0.0
159	__rnase_site_ext	24.3	0.0	0.0
159	p0	0.7	0.0	0.0
159	protein1	779.4	24.2	1.6654453999999999
159	protein2	544.1	15.3	1.5899302
159	protein3	274.6	9.0	1.4848484000000002
159	r1	15.8	0.0	0.0
159	rnapol	1.0	0.0	0.0
160	__protein1_rbs	16.6	0.0	0.0
160	__protein2_rbs	10.7	0.0	0.0
160	__protein3_rbs	6.1	0.0	0.0
160	__ribosome	22.3	0.0	0.0
160	__rnase_site_ext	24.8	0.0	0.0
160	p0	0.7	0.0	0.0
160	protein1	787.2	24.3	1.6579118999999998
160	protein2	548.8	15.5	1.5571362
160	protein3	277.5	9.0	1.5129868999999998
160	r1	16.3	0.0	0.0
160	rnapol	0.7	0.0	0.0
161	__protein1_rbs	16.8	0.0	0.0
161	__protein2_rbs	10.8	0.0	0.0
161	__protein3_rbs	5.7	0.0	0.0
161	__ribosome	22.4	0.0	0.0
161	__rnase_site_ext	24.9	0.0	0.0
161	p0	0.9	0.0	0.0
161	protein1	795.7	24.7	1.5999713
161	protein2	553.0	15.6	1.5797963
161	protein3	280.7	9.1	1.4930772
161	r1	16.4	0.0	0.0
161	rnapol	0.6	0.0	0.0
162	__protein1_rbs	16.6	0.0	0.0
162	__protein2_rbs	10.7	0.0	0.0
162	__protein3_rbs	6.1	0.0	0.0
162	__ribosome	20.3	0.0	0.0
162	__rnase_site_ext	24.9	0.0	0.0
162	p0	1.0	0.0	0.0
162	protein1	804.0	24.8	1.6064829
162	protein2	558.1	15.8	1.5982126
162	protein3	282.6	9.1	1.6172367
162	r1	16.3	0.0	0.0
162	rnapol	0.7	0.0	0.0
163	__protein1_rbs	17.2	0.0	0.0
163	__protein2_rbs	11.2	0.0	0.0
163	__protein3_rbs	6.3	0.0	0.0
163	__ribosome	20.7	0.0	0.0
163	__rnase_site_ext	24.9	0.0	0.0
163	p0	1.0	0.0	0.0
163	protein1	810.6	24.9	1.6181591999999998
163	protein2	562.9	16.0	1.5688753999999998
163	protein3	286.1	9.2	1.5141919
163	r1	16.5	0.0	0.0
163	rnapol	0.8	0.0	0.0
164	__protein1_rbs	16.6	0.0	0.0
164	__protein2_rbs	11.3	0.0	0.0
164	__protein3_rbs	6.3	0.0	0.0
164	__ribosome	19.4	0.0	0.0
164	__rnase_site_ext	25.0	0.0	0.0
164	p0	0.9	0.0	0.0
164	protein1	819.4	24.9	1.5952719999999998
164	protein2	568.0	16.3	1.5502182
164	protein3	287.6	9.2	1.6908838
164	r1	16.4	0.0	0.0
164	rnapol	0.8	0.0	0.0
165	__protein1_rbs	18.1	0.0	0.0
165	__protein2_rbs	11.7	0.0	0.0
165	__protein3_rbs	6.0	0.0	0.0
165	__ribosome	21.3	0.0	0.0
165	__rnase_site_ext	25.0	0.0	0.0
165	p0	0.8	0.0	0.0
165	protein1	827.4	25.0	1.5415806
165	protein2	573.0	16.5	1.5097301
165	protein3	290.9	9.2	1.6496968999999997
165	r1	16.6	0.0	0.0
165	rnapol	0.7	0.0	0.0
166	__protein1_rbs	16.5	0.0	0.0
166	__protein2_rbs	11.7	0.0	0.0
166	__protein3_rbs	6.2	0.0	0.0
166	__ribosome	20.5	0.0	0.0
166	__rnase_site_ext	25.2	0.0	0.0
166	p0	0.9	0.0	0.0
166	protein1	835.2	25.0	1.5651482
166	protein2	578.2	16.7	1.4832473
166	protein3	293.8	9.5	1.6244192000000002
166	r1	16.6	0.0	0.0
166	rnapol	0.8	0.0	0.0
167	__protein1_rbs	18.6	0.0	0.0
167	__protein2_rbs	12.0	0.0	0.0
167	__protein3_rbs	7.0	0.0	0.0
167	__ribosome	22.3	0.0	0.0
167	__rnase_site_ext	25.4	0.0	0.0
167	p0	0.8	0.0	0.0
167	protein1	842.2	25.2	1.5354305
167	protein2	582.8	16.7	1.4806002
167	protein3	297.5	9.7	1.4721213
167	r1	16.8	0.0	0.0
167	rnapol	0.7	0.0	0.0
168	__protein1_rbs	18.0	0.0	0.0
168	__protein2_rbs	10.5	0.0	0.0
168	__protein3_rbs	6.5	0.0	0.0
168	__ribosome	21.6	0.0	0.0
168	__rnase_site_ext	25.5	0.0	0.0
168	p0	0.8	0.0	0.0
168	protein1	850.8	25.3	1.4788721000000002
168	protein2	587.8	16.7	1.5558260000000002
168	protein3	300.0	9.7	1.5519193000000002
168	r1	16.6	0.0	0.0
168	rnapol	0.8	0.0	0.0
169	__protein1_rbs	18.5	0.0	0.0
169	__protein2_rbs	11.0	0.0	0.0
169	__protein3_rbs	7.2	0.0	0.0
169	__ribosome	21.2	0.0	0.0
169	__rnase_site_ext	25.6	0.0	0.0
169	p0	0.9	0.0	0.0
169	protein1	858.3	25.4	1.4580885
169	protein2	592.1	16.8	1.6403841
169	protein3	303.1	9.7	1.4642425
169	r1	16.6	0.0	0.0
169	rnapol	0.7	0.0	0.0
170	__protein1_rbs	16.2	0.0	0.0
170	__protein2_rbs	12.9	0.0	0.0
170	__protein3_rbs	6.4	0.0	0.0
170	__ribosome	19.4	0.0	0.0
170	__rnase_site_ext	25.8	0.0	0.0
170	p0	0.9	0.0	0.0
170	protein1	865.3	25.5	1.5399135
170	protein2	597.4	17.1	1.556732
170	protein3	306.2	9.8	1.5159595
170	r1	16.5	0.0	0.0
170	rnapol	0.6	0.0	0.0
171	__protein1_rbs	18.9	0.0	0.0
171	__protein2_rbs	11.4	0.0	0.0
171	__protein3_rbs	6.9	0.0	0.0
171	__ribosome	21.0	0.0	0.0
171	__rnase_site_ext	25.8	0.0	0.0
171	p0	1.0	0.0	0.0
171	protein1	874.2	25.8	1.4373256
171	protein2	602.9	17.1	1.5791912
171	protein3	309.2	9.9	1.5192424
171	r1	16.3	0.0	0.0
171	rnapol	0.9	0.0	0.0
172	__protein1_rbs	18.3	0.0	0.0
172	__protein2_rbs	11.5	0.0	0.0
172	__protein3_rbs	8.0	0.0	0.0
172	__ribosome	19.6	0.0	0.0
172	__rnase_site_ext	25.8	0.0	0.0
172	p0	1.0	0.0	0.0
172	protein1	880.7	25.8	1.4958562
172	protein2	607.7	16.8	1.6614502999999998
172	protein3	312.3	10.2	1.3682325
172	r1	16.5	0.0	0.0
172	rnapol	1.1	0.0	0.0
173	__protein1_rbs	18.5	0.0	0.0
173	__protein2_rbs	12.7	0.0	0.0
173	__protein3_rbs	6.8	0.0	0.0
173	__ribosome	19.9	0.0	0.0
173	__rnase_site_ext	26.1	0.0	0.0
173	p0	0.7	0.0	0.0
173	protein1	888.0	25.8	1.4998718
173	protein2	613.8	16.8	1.5507852999999998
173	protein3	314.6	10.3	1.5042658000000002
173	r1	16.6	0.0	0.0
173	rnapol	1.0	0.0	0.0
174	__protein1_rbs	18.7	0.0	0.0
174	__protein2_rbs	11.6	0.0	0.0
174	__protein3_rbs	7.9	0.0	0.0
174	__ribosome	21.0	0.0	0.0
174	__rnase_site_ext	26.4	0.0	0.0
174	p0	0.7	0.0	0.0
174	protein1	895.8	26.0	1.4794736000000002
174	protein2	619.6	16.8	1.5215152
174	protein3	317.3	10.4	1.4694522
174	r1	16.7	0.0	0.0
174	rnapol	0.7	0.0	0.0
175	__protein1_rbs	18.0	0.0	0.0
175	__protein2_rbs	11.6	0.0	0.0
175	__protein3_rbs	7.5	0.0	0.0
175	__ribosome	21.1	0.0	0.0
175	__rnase_site_ext	26.4	0.0	0.0
175	p0	1.0	0.0	0.0
175	protein1	904.5	26.3	1.4405488000000002
175	protein2	623.8	16.7	1.5938214
175	protein3	320.7	10.2	1.4304817
175	r1	16.4	0.0	0.0
175	rnapol	1.0	0.0	0.0
176	__protein1_rbs	18.8	0.0	0.0
176	__protein2_rbs	11.2	0.0	0.0
176	__protein3_rbs	5.8	0.0	0.0
176	__ribosome	20.7	0.0	0.0
176	__rnase_site_ext	26.5	0.0	0.0
176	p0	0.8	0.0	0.0
176	protein1	911.7	26.4	1.4515326000000002
176	protein2	630.2	17.0	1.5068094
176	protein3	324.1	10.2	1.52581
176	r1	16.6	0.0	0.0
176	rnapol	0.9	0.0	0.0
177	__protein1_rbs	19.0	0.0	0.0
177	__protein2_rbs	12.4	0.0	0.0
177	__protein3_rbs	7.0	0.0	0.0
177	__ribosome	19.9	0.0	0.0
177	__rnase_site_ext	26.8	0.0	0.0
177	p0	0.8	0.0	0.0
177	protein1	919.1	26.5	1.4496545
177	protein2	634.9	17.0	1.5082026000000002
177	protein3	327.0	10.4	1.5610642
177	r1	16.5	0.0	0.0
177	rnapol	0.9	0.0	0.0
178	__protein1_rbs	18.2	0.0	0.0
178	__protein2_rbs	11.7	0.0	0.0
178	__protein3_rbs	7.0	0.0	0.0
178	__ribosome	18.9	0.0	0.0
178	__rnase_site_ext	26.9	0.0	0.0
178	p0	0.8	0.0	0.0
178	protein1	927.7	26.7	1.4316296
178	protein2	639.8	17.0	1.5408959999999996
178	protein3	329.9	10.5	1.6180591
178	r1	16.2	0.0	0.0
178	rnapol	0.9	0.0	0.0
179	__protein1_rbs	19.0	0.0	0.0
179	__protein2_rbs	12.5	0.0	0.0
179	__protein3_rbs	8.1	0.0	0.0
179	__ribosome	18.8	0.0	0.0
179	__rnase_site_ext	27.0	0.0	0.0
179	p0	1.0	0.0	0.0
179	protein1	934.0	26.8	1.4610248
179	protein2	645.1	17.0	1.4967741
179	protein3	332.4	10.6	1.628153
179	r1	16.3	0.0	0.0
179	rnapol	1.0	0.0	0.0
180	__protein1_rbs	18.6	0.0	0.0
180	__protein2_rbs	12.0	0.0	0.0
180	__protein3_rbs	7.6	0.0	0.0
180	__ribosome	18.5	0.0	0.0
180	__rnase_site_ext	27.1	0.0	0.0
180	p0	0.9	0.0	0.0
180	protein1	941.7	27.0	1.4611306999999998
180	protein2	650.4	17.1	1.4655228
180	protein3	335.0	10.5	1.6421646
180	r1	16.4	0.0	0.0
180	rnapol	1.0	0.0	0.0
181	__protein1_rbs	17.8	0.0	0.0
181	__protein2_rbs	12.4	0.0	0.0
181	__protein3_rbs	7.9	0.0	0.0
181	__ribosome	20.0	0.0	0.0
181	__rnase_site_ext	27.3	0.0	0.0
181	p0	1.0	0.0	0.0
181	protein1	949.7	27.1	1.4930416000000002
181	protein2	655.3	16.7	1.4699264999999997
181	protein3	339.7	10.5	1.4354473
181	r1	16.4	0.0	0.0
181	rnapol	0.9	0.0	0.0
182	__protein1_rbs	18.7	0.0	0.0
182	__protein2_rbs	11.6	0.0	0.0
182	__protein3_rbs	7.5	0.0	0.0
182	__ribosome	21.4	0.0	0.0
182	__rnase_site_ext	27.5	0.0	0.0
182	p0	0.8	0.0	0.0
182	protein1	958.2	27.2	1.48198
182	protein2	660.7	16.6	1.4328186
182	protein3	343.1	10.6	1.3886111
182	r1	16.2	0.0	0.0
182	rnapol	0.9	0.0	0.0
183	__protein1_rbs	19.6	0.0	0.0
183	__protein2_rbs	12.6	0.0	0.0
183	__protein3_rbs	7.1	0.0	0.0
183	__ribosome	19.8	0.0	0.0
183	__rnase_site_ext	27.7	0.0	0.0
183	p0	0.8	0.0	0.0
183	protein1	965.1	27.5	1.4986135
183	protein2	665.4	17.0	1.4088504
183	protein3	346.5	10.7	1.4097619999999995
183	r1	16.0	0.0	0.0
183	rnapol	1.0	0.0	0.0
184	__protein1_rbs	19.9	0.0	0.0
184	__protein2_rbs	12.0	0.0	0.0
184	__protein3_rbs	7.5	0.0	0.0
184	__ribosome	19.2	0.0	0.0
184	__rnase_site_ext	27.8	0.0	0.0
184	p0	0.8	0.0	0.0
184	protein1	972.5	27.7	1.4996905
184	protein2	670.4	16.8	1.4232785
184	protein3	349.3	10.7	1.448416
184	r1	16.1	0.0	0.0
184	rnapol	1.2	0.0	0.0
185	__protein1_rbs	18.7	0.0	0.0
185	__protein2_rbs	12.1	0.0	0.0
185	__protein3_rbs	7.9	0.0	0.0
185	__ribosome	18.7	0.0	0.0
185	__rnase_site_ext	28.0	0.0	0.0
185	p0	0.8	0.0	0.0
185	protein1	980.7	27.7	1.5083495
185	protein2	675.2	16.7	1.4456512999999998
185	protein3	351.9	10.8	1.4525729000000005
185	r1	16.2	0.0	0.0
185	rnapol	1.0	0.0	0.0
186	__protein1_rbs	19.4	0.0	0.0
186	__protein2_rbs	12.2	0.0	0.0
186	__protein3_rbs	7.2	0.0	0.0
186	__ribosome	18.0	0.0	0.0
186	__rnase_site_ext	28.2	0.0	0.0
186	p0	0.8	0.0	0.0
186	protein1	989.4	27.9	1.4775718000000002
186	protein2	680.0	16.7	1.4606746000000002
186	protein3	354.5	11.0	1.5306632
186	r1	15.8	0.0	0.0
186	rnapol	0.8	0.0	0.0
187	__protein1_rbs	20.7	0.0	0.0
187	__protein2_rbs	11.6	0.0	0.0
187	__protein3_rbs	8.1	0.0	0.0
187	__ribosome	18.8	0.0	0.0
187	__rnase_site_ext	28.3	0.0	0.0
187	p0	0.9	0.0	0.0
187	protein1	998.0	28.1	1.4338149
187	protein2	684.7	16.7	1.4823286
187	protein3	357.8	11.0	1.4926895000000002
187	r1	15.8	0.0	0.0
187	rnapol	0.7	0.0	0.0
188	__protein1_rbs	20.2	0.0	0.0
188	__protein2_rbs	11.8	0.0	0.0
188	__protein3_rbs	8.3	0.0	0.0
188	__ribosome	19.9	0.0	0.0
188	__rnase_site_ext	28.4	0.0	0.0
188	p0	1.0	0.0	0.0
188	protein1	1005.8	28.3	1.4176613
188	protein2	689.3	16.6	1.4934921
188	protein3	361.4	10.9	1.4005787
188	r1	16.0	0.0	0.0
188	rnapol	1.1	0.0	0.0
189	__protein1_rbs	20.0	0.0	0.0
189	__protein2_rbs	12.3	0.0	0.0
189	__protein3_rbs	6.8	0.0	0.0
189	__ribosome	19.3	0.0	0.0
189	__rnase_site_ext	28.5	0.0	0.0
189	p0	0.9	0.0	0.0
189	protein1	1014.0	28.4	1.4125941
189	protein2	693.9	16.4	1.4585072
189	protein3	364.2	10.9	1.5400076999999999
189	r1	15.9	0.0	0.0
189	rnapol	1.1	0.0	0.0
190	__protein1_rbs	18.8	0.0	0.0
190	__protein2_rbs	12.0	0.0	0.0
190	__protein3_rbs	7.8	0.0	0.0
190	__ribosome	18.4	0.0	0.0
190	__rnase_site_ext	28.5	0.0	0.0
190	p0	1.0	0.0	0.0
190	protein1	1022.3	28.5	1.4579301000000002
190	protein2	699.2	16.3	1.435859
190	protein3	367.2	10.9	1.5336869
190	r1	15.8	0.0	0.0
190	rnapol	1.5	0.0	0.0
191	__protein1_rbs	20.0	0.0	0.0
191	__protein2_rbs	11.9	0.0	0.0
191	__protein3_rbs	7.5	0.0	0.0
191	__ribosome	19.2	0.0	0.0
191	__rnase_site_ext	28.5	0.0	0.0
191	p0	0.9	0.0	0.0
191	protein1	1030.1	28.5	1.4589906
191	protein2	704.1	16.6	1.3830521
191	protein3	371.0	10.9	1.4865306999999999
191	r1	15.9	0.0	0.0
191	rnapol	1.5	0.0	0.0
192	__protein1_rbs	20.1	0.0	0.0
192	__protein2_rbs	11.4	0.0	0.0
192	__protein3_rbs	8.9	0.0	0.0
192	__ribosome	18.8	0.0	0.0
192	__rnase_site_ext	28.7	0.0	0.0
192	p0	1.0	0.0	0.0
192	protein1	1037.6	28.5	1.4776471999999998
192	protein2	709.0	16.4	1.4350431000000001
192	protein3	373.7	11.1	1.4116467
192	r1	16.0	0.0	0.0
192	rnapol	1.6	0.0	0.0
193	__protein1_rbs	20.6	0.0	0.0
193	__protein2_rbs	11.3	0.0	0.0
193	__protein3_rbs	8.0	0.0	0.0
193	__ribosome	18.7	0.0	0.0
193	__rnase_site_ext	28.9	0.0	0.0
193	p0	0.8	0.0	0.0
193	protein1	1045.7	28.7	1.4648891000000002
193	protein2	713.9	16.2	1.4559876
193	protein3	376.7	11.2	1.4267633000000002
193	r1	16.1	0.0	0.0
193	rnapol	1.5	0.0	0.0
194	__protein1_rbs	21.2	0.0	0.0
194	__protein2_rbs	10.8	0.0	0.0
194	__protein3_rbs	7.4	0.0	0.0
194	__ribosome	18.5	0.0	0.0
194	__rnase_site_ext	29.1	0.0	0.0
194	p0	0.9	0.0	0.0
194	protein1	1053.6	28.8	1.4390926000000002
194	protein2	718.1	16.2	1.4870233000000002
194	protein3	380.1	11.0	1.4579044
194	r1	15.9	0.0	0.0
194	rnapol	1.3	0.0	0.0
195	__protein1_rbs	19.8	0.0	0.0
195	__protein2_rbs	12.3	0.0	0.0
195	__protein3_rbs	7.8	0.0	0.0
195	__ribosome	20.7	0.0	0.0
195	__rnase_site_ext	29.1	0.0	0.0
195	p0	0.9	0.0	0.0
195	protein1	1062.9	29.1	1.4052448000000002
195	protein2	722.7	16.4	1.4234744
195	protein3	384.0	11.0	1.3827384000000005
195	r1	15.9	0.0	0.0
195	rnapol	1.3	0.0	0.0
196	__protein1_rbs	22.0	0.0	0.0
196	__protein2_rbs	11.6	0.0	0.0
196	__protein3_rbs	7.8	0.0	0.0
196	__ribosome	21.8	0.0	0.0
196	__rnase_site_ext	29.5	0.0	0.0
196	p0	0.8	0.0	0.0
196	protein1	1071.6	29.1	1.3578188
196	protein2	727.3	16.3	1.4272440999999998
196	protein3	387.4	11.1	1.412295
196	r1	15.9	0.0	0.0
196	rnapol	1.2	0.0	0.0
197	__protein1_rbs	20.8	0.0	0.0
197	__protein2_rbs	12.7	0.0	0.0
197	__protein3_rbs	7.4	0.0	0.0
197	__ribosome	20.1	0.0	0.0
197	__rnase_site_ext	29.5	0.0	0.0
197	p0	1.0	0.0	0.0
197	protein1	1080.0	29.4	1.3652163999999998
197	protein2	732.0	16.3	1.3998065
197	protein3	389.7	11.1	1.5468632
197	r1	15.7	0.0	0.0
197	rnapol	1.5	0.0	0.0
198	__protein1_rbs	21.2	0.0	0.0
198	__protein2_rbs	10.4	0.0	0.0
198	__protein3_rbs	9.0	0.0	0.0
198	__ribosome	19.2	0.0	0.0
198	__rnase_site_ext	29.7	0.0	0.0
198	p0	0.9	0.0	0.0
198	protein1	1087.4	29.5	1.3906925
198	protein2	736.9	16.2	1.4678994999999997
198	protein3	392.7	11.2	1.4719408
198	r1	15.5	0.0	0.0
198	rnapol	1.4	0.0	0.0
199	__protein1_rbs	21.4	0.0	0.0
199	__protein2_rbs	11.2	0.0	0.0
199	__protein3_rbs	8.1	0.0	0.0
199	__ribosome	18.8	0.0	0.0
199	__rnase_site_ext	29.8	0.0	0.0
199	p0	0.8	0.0	0.0
199	protein1	1095.2	29.7	1.39822
199	protein2	741.6	16.2	1.4652325999999998
199	protein3	396.0	11.3	1.4470706999999998
199	r1	15.5	0.0	0.0
199	rnapol	1.3	0.0	0.0
200	__protein1_rbs	20.7	0.0	0.0
200	__protein2_rbs	12.5	0.0	0.0
200	__protein3_rbs	8.0	0.0	0.0
200	__ribosome	19.0	0.0	0.0
200	__rnase_site_ext	30.0	0.0	0.0
200	p0	0.7	0.0	0.0
200	protein1	1103.6	29.8	1.4054957
200	protein2	745.4	16.0	1.4642322000000003
200	protein3	399.6	11.4	1.4194299
200	r1	15.5	0.0	0.0
200	rnapol	1.1	0.0	0.0
201	__protein1_rbs	21.4	0.0	0.0
201	__protein2_rbs	12.2	0.0	0.0
201	__protein3_rbs	8.0	0.0	0.0
201	__ribosome	19.6	0.0	0.0
201	__rnase_site_ext	30.3	0.0	0.0
201	p0	0.9	0.0	0.0
201	protein1	1111.2	29.9	1.4269396999999997
201	protein2	750.9	16.2	1.3599707
201	protein3	403.1	11.3	1.4142549999999998
201	r1	15.6	0.0	0.0
201	rnapol	1.2	0.0	0.0
202	__protein1_rbs	20.8	0.0	0.0
202	__protein2_rbs	11.8	0.0	0.0
202	__protein3_rbs	7.3	0.0	0.0
202	__ribosome	20.0	0.0	0.0
202	__rnase_site_ext	30.4	0.0	0.0
202	p0	0.8	0.0	0.0
202	protein1	1121.2	30.3	1.3820125
202	protein2	755.2	16.3	1.3528143999999998
202	protein3	406.6	11.2	1.4777652
202	r1	15.8	0.0	0.0
202	rnapol	1.1	0.0	0.0
203	__protein1_rbs	21.6	0.0	0.0
203	__protein2_rbs	11.6	0.0	0.0
203	__protein3_rbs	8.2	0.0	0.0
203	__ribosome	19.2	0.0	0.0
203	__rnase_site_ext	30.5	0.0	0.0
203	p0	0.9	0.0	0.0
203	protein1	1128.9	30.4	1.4042613000000002
203	protein2	760.1	16.0	1.3516343000000002
203	protein3	409.0	11.0	1.5316608
203	r1	15.8	0.0	0.0
203	rnapol	1.1	0.0	0.0
204	__protein1_rbs	22.4	0.0	0.0
204	__protein2_rbs	11.0	0.0	0.0
204	__protein3_rbs	7.3	0.0	0.0
204	__ribosome	18.8	0.0	0.0
204	__rnase_site_ext	30.6	0.0	0.0
204	p0	0.9	0.0	0.0
204	protein1	1136.9	30.5	1.4030473
204	protein2	764.4	15.9	1.3962438999999998
204	protein3	412.5	10.9	1.5380957
204	r1	15.9	0.0	0.0
204	rnapol	1.2	0.0	0.0
205	__protein1_rbs	21.3	0.0	0.0
205	__protein2_rbs	11.5	0.0	0.0
205	__protein3_rbs	7.9	0.0	0.0
205	__ribosome	18.9	0.0	0.0
205	__rnase_site_ext	30.8	0.0	0.0
205	p0	0.8	0.0	0.0
205	protein1	1145.9	30.6	1.4053578000000002
205	protein2	768.5	15.7	1.4244277999999997
205	protein3	415.7	10.7	1.5097475
205	r1	15.9	0.0	0.0
205	rnapol	1.1	0.0	0.0
206	__protein1_rbs	22.2	0.0	0.0
206	__protein2_rbs	12.2	0.0	0.0
206	__protein3_rbs	7.4	0.0	0.0
206	__ribosome	19.9	0.0	0.0
206	__rnase_site_ext	30.9	0.0	0.0
206	p0	0.9	0.0	0.0
206	protein1	1154.1	30.6	1.4133665000000002
206	protein2	772.4	15.8	1.3892728
206	protein3	419.4	10.6	1.4616345000000002
206	r1	16.3	0.0	0.0
206	rnapol	1.0	0.0	0.0
207	__protein1_rbs	21.8	0.0	0.0
207	__protein2_rbs	11.2	0.0	0.0
207	__protein3_rbs	7.4	0.0	0.0
207	__ribosome	19.9	0.0	0.0
207	__rnase_site_ext	31.0	0.0	0.0
207	p0	0.8	0.0	0.0
207	protein1	1162.3	30.9	1.4251826
207	protein2	777.3	16.0	1.3532296
207	protein3	422.7	10.5	1.4141024999999998
207	r1	16.5	0.0	0.0
207	rnapol	0.9	0.0	0.0
208	__protein1_rbs	21.3	0.0	0.0
208	__protein2_rbs	11.4	0.0	0.0
208	__protein3_rbs	7.4	0.0	0.0
208	__ribosome	17.9	0.0	0.0
208	__rnase_site_ext	31.0	0.0	0.0
208	p0	0.8	0.0	0.0
208	protein1	1171.2	31.0	1.4344553000000002
208	protein2	781.4	16.2	1.3879522000000004
208	protein3	425.1	10.6	1.4720406999999998
208	r1	16.6	0.0	0.0
208	rnapol	0.7	0.0	0.0
209	__protein1_rbs	21.4	0.0	0.0
209	__protein2_rbs	11.4	0.0	0.0
209	__protein3_rbs	8.0	0.0	0.0
209	__ribosome	19.6	0.0	0.0
209	__rnase_site_ext	31.3	0.0	0.0
209	p0	0.9	0.0	0.0
209	protein1	1179.8	31.0	1.4565834
209	protein2	786.6	16.1	1.3254123000000002
209	protein3	428.8	10.6	1.354797
209	r1	16.6	0.0	0.0
209	rnapol	0.8	0.0	0.0
210	__protein1_rbs	23.1	0.0	0.0
210	__protein2_rbs	11.4	0.0	0.0
210	__protein3_rbs	7.7	0.0	0.0
210	__ribosome	19.2	0.0	0.0
210	__rnase_site_ext	31.3	0.0	0.0
210	p0	1.0	0.0	0.0
210	protein1	1189.7	31.3	1.3948044000000002
210	protein2	790.5	16.4	1.3771617
210	protein3	431.5	10.6	1.4056151
210	r1	16.7	0.0	0.0
210	rnapol	1.0	0.0	0.0
211	__protein1_rbs	23.4	0.0	0.0
211	__protein2_rbs	12.2	0.0	0.0
211	__protein3_rbs	8.4	0.0	0.0
211	__ribosome	19.9	0.0	0.0
211	__rnase_site_ext	31.3	0.0	0.0
211	p0	0.7	0.0	0.0
211	protein1	1197.9	31.3	1.3789055
211	protein2	794.4	16.6	1.3902588
211	protein3	434.3	10.7	1.3401786
211	r1	16.8	0.0	0.0
211	rnapol	0.9	0.0	0.0
212	__protein1_rbs	20.7	0.0	0.0
212	__protein2_rbs	11.4	0.0	0.0
212	__protein3_rbs	7.9	0.0	0.0
212	__ribosome	17.7	0.0	0.0
212	__rnase_site_ext	31.3	0.0	0.0
212	p0	0.9	0.0	0.0
212	protein1	1206.0	31.2	1.4541019
212	protein2	799.1	16.8	1.4004008999999995
212	protein3	437.4	10.6	1.3199604
212	r1	17.0	0.0	0.0
212	rnapol	1.0	0.0	0.0
213	__protein1_rbs	22.3	0.0	0.0
213	__protein2_rbs	12.0	0.0	0.0
213	__protein3_rbs	7.7	0.0	0.0
213	__ribosome	17.8	0.0	0.0
213	__rnase_site_ext	31.4	0.0	0.0
213	p0	0.9	0.0	0.0
213	protein1	1215.0	31.4	1.4459879
213	protein2	803.3	16.8	1.4160418
213	protein3	440.7	10.5	1.3371429
213	r1	16.7	0.0	0.0
213	rnapol	1.1	0.0	0.0
214	__protein1_rbs	21.3	0.0	0.0
214	__protein2_rbs	11.5	0.0	0.0
214	__protein3_rbs	7.1	0.0	0.0
214	__ribosome	16.9	0.0	0.0
214	__rnase_site_ext	31.7	0.0	0.0
214	p0	0.7	0.0	0.0
214	protein1	1224.9	31.4	1.4403153999999998
214	protein2	807.8	16.7	1.4752461000000001
214	protein3	443.3	10.3	1.3871825
214	r1	16.8	0.0	0.0
214	rnapol	0.9	0.0	0.0
215	__protein1_rbs	22.6	0.0	0.0
215	__protein2_rbs	12.8	0.0	0.0
215	__protein3_rbs	7.9	0.0	0.0
215	__ribosome	18.0	0.0	0.0
215	__rnase_site_ext	31.8	0.0	0.0
215	p0	1.0	0.0	0.0
215	protein1	1232.8	31.6	1.4525733
215	protein2	813.2	16.8	1.3990084999999999
215	protein3	446.2	10.4	1.3068254
215	r1	16.8	0.0	0.0
215	rnapol	1.2	0.0	0.0
216	__protein1_rbs	22.9	0.0	0.0
216	__protein2_rbs	13.0	0.0	0.0
216	__protein3_rbs	7.3	0.0	0.0
216	__ribosome	15.4	0.0	0.0
216	__rnase_site_ext	31.8	0.0	0.0
216	p0	0.7	0.0	0.0
216	protein1	1240.5	31.8	1.4839986
216	protein2	816.7	16.9	1.422821
216	protein3	448.5	10.3	1.4039935
216	r1	16.7	0.0	0.0
216	rnapol	1.0	0.0	0.0
217	__protein1_rbs	24.9	0.0	0.0
217	__protein2_rbs	12.1	0.0	0.0
217	__protein3_rbs	7.3	0.0	0.0
217	__ribosome	18.6	0.0	0.0
217	__rnase_site_ext	32.3	0.0	0.0
217	p0	0.7	0.0	0.0
217	protein1	1250.2	31.8	1.3861016000000002
217	protein2	822.1	17.1	1.3722712
217	protein3	451.4	10.3	1.4098268
217	r1	16.8	0.0	0.0
217	rnapol	0.9	0.0	0.0
218	__protein1_rbs	24.7	0.0	0.0
218	__protein2_rbs	12.3	0.0	0.0
218	__protein3_rbs	8.0	0.0	0.0
218	__ribosome	20.0	0.0	0.0
218	__rnase_site_ext	32.4	0.0	0.0
218	p0	0.6	0.0	0.0
218	protein1	1259.9	32.2	1.3292648
218	protein2	826.6	17.3	1.3877275
218	protein3	454.3	10.4	1.3486546999999998
218	r1	17.0	0.0	0.0
218	rnapol	0.6	0.0	0.0
219	__protein1_rbs	22.8	0.0	0.0
219	__protein2_rbs	12.0	0.0	0.0
219	__protein3_rbs	7.8	0.0	0.0
219	__ribosome	20.8	0.0	0.0
219	__rnase_site_ext	32.9	0.0	0.0
219	p0	0.8	0.0	0.0
219	protein1	1269.4	32.3	1.3300361000000005
219	protein2	832.3	17.0	1.3647046999999999
219	protein3	457.2	10.4	1.3277381
219	r1	16.9	0.0	0.0
219	rnapol	0.4	0.0	0.0
220	__protein1_rbs	24.7	0.0	0.0
220	__protein2_rbs	11.7	0.0	0.0
220	__protein3_rbs	7.5	0.0	0.0
220	__ribosome	18.9	0.0	0.0
220	__rnase_site_ext	33.0	0.0	0.0
220	p0	1.0	0.0	0.0
220	protein1	1278.3	32.7	1.3056313999999998
220	protein2	836.1	16.9	1.4453378
220	protein3	459.2	10.4	1.3913094
220	r1	17.1	0.0	0.0
220	rnapol	0.5	0.0	0.0
221	__protein1_rbs	22.6	0.0	0.0
221	__protein2_rbs	11.1	0.0	0.0
221	__protein3_rbs	8.1	0.0	0.0
221	__ribosome	16.3	0.0	0.0
221	__rnase_site_ext	33.0	0.0	0.0
221	p0	0.9	0.0	0.0
221	protein1	1287.1	33.0	1.3561595
221	protein2	840.5	16.8	1.5229025
221	protein3	462.2	10.4	1.3083728999999995
221	r1	17.1	0.0	0.0
221	rnapol	0.6	0.0	0.0
222	__protein1_rbs	25.2	0.0	0.0
222	__protein2_rbs	12.8	0.0	0.0
222	__protein3_rbs	7.9	0.0	0.0
222	__ribosome	18.8	0.0	0.0
222	__rnase_site_ext	33.2	0.0	0.0
222	p0	0.9	0.0	0.0
222	protein1	1295.8	33.0	1.3067895
222	protein2	844.9	17.0	1.4845077
222	protein3	465.1	10.1	1.2711146999999998
222	r1	17.3	0.0	0.0
222	rnapol	0.6	0.0	0.0
223	__protein1_rbs	24.3	0.0	0.0
223	__protein2_rbs	12.4	0.0	0.0
223	__protein3_rbs	7.7	0.0	0.0
223	__ribosome	18.8	0.0	0.0
223	__rnase_site_ext	33.3	0.0	0.0
223	p0	0.8	0.0	0.0
223	protein1	1304.2	33.2	1.3358377000000001
223	protein2	850.3	17.1	1.4437932000000002
223	protein3	468.3	10.1	1.1919265
223	r1	17.5	0.0	0.0
223	rnapol	0.6	0.0	0.0
224	__protein1_rbs	23.4	0.0	0.0
224	__protein2_rbs	12.9	0.0	0.0
224	__protein3_rbs	8.6	0.0	0.0
224	__ribosome	19.2	0.0	0.0
224	__rnase_site_ext	33.5	0.0	0.0
224	p0	0.9	0.0	0.0
224	protein1	1312.2	33.2	1.3740627
224	protein2	855.4	17.4	1.3720552
224	protein3	471.0	10.2	1.1049639
224	r1	17.7	0.0	0.0
224	rnapol	0.6	0.0	0.0
225	__protein1_rbs	24.9	0.0	0.0
225	__protein2_rbs	12.4	0.0	0.0
225	__protein3_rbs	6.4	0.0	0.0
225	__ribosome	17.5	0.0	0.0
225	__rnase_site_ext	33.7	0.0	0.0
225	p0	0.9	0.0	0.0
225	protein1	1321.1	33.5	1.3537863
225	protein2	860.1	17.3	1.4005775000000005
225	protein3	473.1	10.2	1.315137
225	r1	17.5	0.0	0.0
225	rnapol	0.7	0.0	0.0
226	__protein1_rbs	24.1	0.0	0.0
226	__protein2_rbs	11.6	0.0	0.0
226	__protein3_rbs	6.9	0.0	0.0
226	__ribosome	17.8	0.0	0.0
226	__rnase_site_ext	33.9	0.0	0.0
226	p0	0.8	0.0	0.0
226	protein1	1331.5	33.6	1.3276897
226	protein2	865.6	17.3	1.4073886999999998
226	protein3	476.0	10.1	1.3588564
226	r1	17.6	0.0	0.0
226	rnapol	0.8	0.0	0.0
227	__protein1_rbs	24.0	0.0	0.0
227	__protein2_rbs	13.2	0.0	0.0
227	__protein3_rbs	6.7	0.0	0.0
227	__ribosome	16.4	0.0	0.0
227	__rnase_site_ext	33.9	0.0	0.0
227	p0	0.9	0.0	0.0
227	protein1	1340.0	33.7	1.3453132
227	protein2	870.3	17.5	1.3903271
227	protein3	478.4	10.1	1.4519154999999997
227	r1	17.5	0.0	0.0
227	rnapol	0.9	0.0	0.0
228	__protein1_rbs	25.8	0.0	0.0
228	__protein2_rbs	12.1	0.0	0.0
228	__protein3_rbs	7.6	0.0	0.0
228	__ribosome	16.7	0.0	0.0
228	__rnase_site_ext	33.9	0.0	0.0
228	p0	0.9	0.0	0.0
228	protein1	1348.8	33.9	1.3107984
228	protein2	874.5	17.7	1.4300635
228	protein3	481.2	10.1	1.3900576999999998
228	r1	17.6	0.0	0.0
228	rnapol	0.8	0.0	0.0
229	__protein1_rbs	25.7	0.0	0.0
229	__protein2_rbs	13.2	0.0	0.0
229	__protein3_rbs	7.8	0.0	0.0
229	__ribosome	17.6	0.0	0.0
229	__rnase_site_ext	33.9	0.0	0.0
229	p0	0.8	0.0	0.0
229	protein1	1358.3	33.8	1.292466
229	protein2	879.3	18.0	1.370232
229	protein3	483.1	10.0	1.4188744999999998
229	r1	17.6	0.0	0.0
229	rnapol	0.7	0.0	0.0
230	__protein1_rbs	25.2	0.0	0.0
230	__protein2_rbs	13.6	0.0	0.0
230	__protein3_rbs	7.4	0.0	0.0
230	__ribosome	18.6	0.0	0.0
230	__rnase_site_ext	34.3	0.0	0.0
230	p0	0.6	0.0	0.0
230	protein1	1366.3	33.8	1.3137001999999998
230	protein2	884.7	18.0	1.311747
230	protein3	486.3	10.0	1.3824026000000005
230	r1	17.6	0.0	0.0
230	rnapol	0.6	0.0	0.0
231	__protein1_rbs	24.2	0.0	0.0
231	__protein2_rbs	12.3	0.0	0.0
231	__protein3_rbs	8.0	0.0	0.0
231	__ribosome	18.7	0.0	0.0
231	__rnase_site_ext	34.3	0.0	0.0
231	p0	1.0	0.0	0.0
231	protein1	1376.1	34.0	1.3064471000000002
231	protein2	889.6	17.9	1.4074733999999998
231	protein3	490.1	10.0	1.2127091
231	r1	17.7	0.0	0.0
231	rnapol	0.8	0.0	0.0
232	__protein1_rbs	25.7	0.0	0.0
232	__protein2_rbs	13.7	0.0	0.0
232	__protein3_rbs	7.1	0.0	0.0
232	__ribosome	19.5	0.0	0.0
232	__rnase_site_ext	34.4	0.0	0.0
232	p0	0.7	0.0	0.0
232	protein1	1385.0	34.3	1.2709573
232	protein2	894.2	17.7	1.3773143
232	protein3	492.7	10.3	1.2692767
232	r1	17.7	0.0	0.0
232	rnapol	0.7	0.0	0.0
233	__protein1_rbs	25.0	0.0	0.0
233	__protein2_rbs	12.8	0.0	0.0
233	__protein3_rbs	8.2	0.0	0.0
233	__ribosome	18.6	0.0	0.0
233	__rnase_site_ext	34.7	0.0	0.0
233	p0	0.9	0.0	0.0
233	protein1	1393.9	34.4	1.2893386000000002
233	protein2	899.5	17.9	1.3793393
233	protein3	495.1	10.4	1.2520292
233	r1	17.7	0.0	0.0
233	rnapol	0.8	0.0	0.0
234	__protein1_rbs	26.3	0.0	0.0
234	__protein2_rbs	12.9	0.0	0.0
234	__protein3_rbs	7.7	0.0	0.0
234	__ribosome	16.4	0.0	0.0
234	__rnase_site_ext	34.8	0.0	0.0
234	p0	0.9	0.0	0.0
234	protein1	1402.4	34.6	1.2879764999999999
234	protein2	903.4	17.9	1.4355578000000002
234	protein3	497.1	10.5	1.3631167999999998
234	r1	17.8	0.0	0.0
234	rnapol	0.8	0.0	0.0
235	__protein1_rbs	26.3	0.0	0.0
235	__protein2_rbs	13.4	0.0	0.0
235	__protein3_rbs	7.8	0.0	0.0
235	__ribosome	17.9	0.0	0.0
235	__rnase_site_ext	34.8	0.0	0.0
235	p0	0.9	0.0	0.0
235	protein1	1411.1	34.8	1.2840310999999998
235	protein2	909.1	17.8	1.3838297000000002
235	protein3	500.3	10.4	1.2919405000000002
235	r1	17.7	0.0	0.0
235	rnapol	0.7	0.0	0.0
236	__protein1_rbs	25.3	0.0	0.0
236	__protein2_rbs	12.5	0.0	0.0
236	__protein3_rbs	7.5	0.0	0.0
236	__ribosome	16.7	0.0	0.0
236	__rnase_site_ext	34.7	0.0	0.0
236	p0	0.9	0.0	0.0
236	protein1	1420.2	34.8	1.2861257
236	protein2	914.1	17.8	1.394837
236	protein3	502.4	10.3	1.4196653
236	r1	18.0	0.0	0.0
236	rnapol	0.9	0.0	0.0
237	__protein1_rbs	24.5	0.0	0.0
237	__protein2_rbs	13.6	0.0	0.0
237	__protein3_rbs	8.2	0.0	0.0
237	__ribosome	17.6	0.0	0.0
237	__rnase_site_ext	34.9	0.0	0.0
237	p0	0.8	0.0	0.0
237	protein1	1428.9	34.7	1.3305146
237	protein2	919.2	17.8	1.3472627000000004
237	protein3	505.9	10.4	1.2350458999999998
237	r1	17.8	0.0	0.0
237	rnapol	1.1	0.0	0.0
238	__protein1_rbs	25.2	0.0	0.0
238	__protein2_rbs	12.0	0.0	0.0
238	__protein3_rbs	7.5	0.0	0.0
238	__ribosome	15.9	0.0	0.0
238	__rnase_site_ext	34.9	0.0	0.0
238	p0	1.0	0.0	0.0
238	protein1	1438.9	34.8	1.3109151
238	protein2	924.0	17.8	1.403444
238	protein3	508.1	10.6	1.3025222
238	r1	17.9	0.0	0.0
238	rnapol	1.3	0.0	0.0
239	__protein1_rbs	26.2	0.0	0.0
239	__protein2_rbs	13.6	0.0	0.0
239	__protein3_rbs	8.3	0.0	0.0
239	__ribosome	17.7	0.0	0.0
239	__rnase_site_ext	35.0	0.0	0.0
239	p0	0.8	0.0	0.0
239	protein1	1447.2	34.9	1.2987253
239	protein2	928.7	17.8	1.3592212
239	protein3	511.1	10.6	1.2343181
239	r1	18.0	0.0	0.0
239	rnapol	1.3	0.0	0.0
240	__protein1_rbs	25.9	0.0	0.0
240	__protein2_rbs	13.1	0.0	0.0
240	__protein3_rbs	7.2	0.0	0.0
240	__ribosome	16.9	0.0	0.0
240	__rnase_site_ext	35.0	0.0	0.0
240	p0	0.9	0.0	0.0
240	protein1	1456.3	34.9	1.2984596000000002
240	protein2	933.4	18.1	1.3434041
240	protein3	513.6	10.6	1.3124621
240	r1	18.0	0.0	0.0
240	rnapol	1.3	0.0	0.0
241	__protein1_rbs	25.5	0.0	0.0
241	__protein2_rbs	14.2	0.0	0.0
241	__protein3_rbs	8.0	0.0	0.0
241	__ribosome	17.2	0.0	0.0
241	__rnase_site_ext	35.3	0.0	0.0
241	p0	0.9	0.0	0.0
241	protein1	1464.7	35.0	1.3377332999999998
241	protein2	939.0	18.2	1.255121
241	protein3	516.2	10.6	1.3208946000000001
241	r1	17.7	0.0	0.0
241	rnapol	1.3	0.0	0.0
242	__protein1_rbs	25.3	0.0	0.0
242	__protein2_rbs	12.4	0.0	0.0
242	__protein3_rbs	7.8	0.0	0.0
242	__ribosome	15.6	0.0	0.0
242	__rnase_site_ext	35.5	0.0	0.0
242	p0	0.9	0.0	0.0
242	protein1	1474.7	35.3	1.3103024
242	protein2	942.9	18.2	1.3372403999999998
242	protein3	518.8	10.6	1.3585254
242	r1	17.6	0.0	0.0
242	rnapol	1.4	0.0	0.0
243	__protein1_rbs	26.5	0.0	0.0
243	__protein2_rbs	13.9	0.0	0.0
243	__protein3_rbs	7.5	0.0	0.0
243	__ribosome	17.3	0.0	0.0
243	__rnase_site_ext	35.8	0.0	0.0
243	p0	0.9	0.0	0.0
243	protein1	1483.3	35.4	1.3182280999999998
243	protein2	948.7	18.2	1.2464635000000002
243	protein3	522.2	10.5	1.3482317
243	r1	17.7	0.0	0.0
243	rnapol	1.1	0.0	0.0
244	__protein1_rbs	27.1	0.0	0.0
244	__protein2_rbs	13.0	0.0	0.0
244	__protein3_rbs	8.4	0.0	0.0
244	__ribosome	16.5	0.0	0.0
244	__rnase_site_ext	35.8	0.0	0.0
244	p0	0.9	0.0	0.0
244	protein1	1493.1	35.7	1.2730426
244	protein2	952.6	18.2	1.3189015
244	protein3	524.0	10.6	1.3829579
244	r1	17.5	0.0	0.0
244	rnapol	1.4	0.0	0.0
245	__protein1_rbs	26.4	0.0	0.0
245	__protein2_rbs	12.7	0.0	0.0
245	__protein3_rbs	8.0	0.0	0.0
245	__ribosome	16.0	0.0	0.0
245	__rnase_site_ext	35.9	0.0	0.0
245	p0	0.9	0.0	0.0
245	protein1	1501.6	35.8	1.2990378
245	protein2	957.1	18.1	1.3551121000000002
245	protein3	527.7	10.6	1.2426009999999998
245	r1	17.5	0.0	0.0
245	rnapol	1.4	0.0	0.0
246	__protein1_rbs	27.9	0.0	0.0
246	__protein2_rbs	13.1	0.0	0.0
246	__protein3_rbs	8.1	0.0	0.0
246	__ribosome	16.6	0.0	0.0
246	__rnase_site_ext	36.1	0.0	0.0
246	p0	0.8	0.0	0.0
246	protein1	1511.1	35.9	1.2673365
246	protein2	961.6	18.1	1.354993
246	protein3	530.2	10.6	1.2601767
246	r1	17.7	0.0	0.0
246	rnapol	1.3	0.0	0.0
247	__protein1_rbs	26.3	0.0	0.0
247	__protein2_rbs	13.7	0.0	0.0
247	__protein3_rbs	7.4	0.0	0.0
247	__ribosome	17.6	0.0	0.0
247	__rnase_site_ext	36.1	0.0	0.0
247	p0	1.0	0.0	0.0
247	protein1	1521.2	36.1	1.2514066
247	protein2	966.8	17.9	1.3178561999999998
247	protein3	533.2	10.4	1.3245833
247	r1	17.3	0.0	0.0
247	rnapol	1.4	0.0	0.0
248	__protein1_rbs	26.4	0.0	0.0
248	__protein2_rbs	12.6	0.0	0.0
248	__protein3_rbs	7.8	0.0	0.0
248	__ribosome	15.9	0.0	0.0
248	__rnase_site_ext	36.2	0.0	0.0
248	p0	0.9	0.0	0.0
248	protein1	1530.1	36.1	1.2666729
248	protein2	971.1	17.8	1.3627674000000003
248	protein3	535.8	10.5	1.3066159999999998
248	r1	17.3	0.0	0.0
248	rnapol	1.2	0.0	0.0
249	__protein1_rbs	27.0	0.0	0.0
249	__protein2_rbs	12.9	0.0	0.0
249	__protein3_rbs	7.6	0.0	0.0
249	__ribosome	16.1	0.0	0.0
249	__rnase_site_ext	36.3	0.0	0.0
249	p0	0.9	0.0	0.0
249	protein1	1538.9	36.1	1.2915983999999998
249	protein2	976.9	17.7	1.2927556999999998
249	protein3	538.6	10.7	1.3291414
249	r1	17.6	0.0	0.0
249	rnapol	1.1	0.0	0.0
250	__protein1_rbs	27.4	0.0	0.0
250	__protein2_rbs	13.2	0.0	0.0
250	__protein3_rbs	7.3	0.0	0.0
250	__ribosome	15.3	0.0	0.0
250	__rnase_site_ext	36.5	0.0	0.0
250	p0	0.6	0.0	0.0
250	protein1	1548.1	36.3	1.2735461
250	protein2	981.8	17.8	1.2927715000000002
250	protein3	540.9	10.7	1.4557162
250	r1	17.6	0.0	0.0
250	rnapol	0.9	0.0	0.0
251	__protein1_rbs	27.5	0.0	0.0
251	__protein2_rbs	12.8	0.0	0.0
251	__protein3_rbs	8.5	0.0	0.0
251	__ribosome	15.3	0.0	0.0
251	__rnase_site_ext	36.5	0.0	0.0
251	p0	1.0	0.0	0.0
251	protein1	1557.2	36.4	1.268641
251	protein2	986.6	17.7	1.328559
251	protein3	543.8	10.9	1.3851947
251	r1	17.5	0.0	0.0
251	rnapol	0.9	0.0	0.0
252	__protein1_rbs	28.7	0.0	0.0
252	__protein2_rbs	12.4	0.0	0.0
252	__protein3_rbs	8.0	0.0	0.0
252	__ribosome	15.5	0.0	0.0
252	__rnase_site_ext	36.7	0.0	0.0
252	p0	0.8	0.0	0.0
252	protein1	1566.6	36.5	1.2310558
252	protein2	990.8	18.0	1.3563687999999998
252	protein3	546.7	10.9	1.4122146999999998
252	r1	17.7	0.0	0.0
252	rnapol	0.8	0.0	0.0
253	__protein1_rbs	29.1	0.0	0.0
253	__protein2_rbs	12.8	0.0	0.0
253	__protein3_rbs	7.8	0.0	0.0
253	__ribosome	16.5	0.0	0.0
253	__rnase_site_ext	36.7	0.0	0.0
253	p0	1.0	0.0	0.0
253	protein1	1576.6	36.6	1.1779516
253	protein2	995.4	18.0	1.4019655
253	protein3	549.6	10.8	1.4382218999999998
253	r1	17.4	0.0	0.0
253	rnapol	0.9	0.0	0.0
254	__protein1_rbs	26.7	0.0	0.0
254	__protein2_rbs	14.0	0.0	0.0
254	__protein3_rbs	7.8	0.0	0.0
254	__ribosome	15.8	0.0	0.0
254	__rnase_site_ext	36.9	0.0	0.0
254	p0	0.8	0.0	0.0
254	protein1	1584.7	36.7	1.2416471000000002
254	protein2	1000.5	17.7	1.3495722
254	protein3	552.8	10.8	1.3894931
254	r1	17.6	0.0	0.0
254	rnapol	1.1	0.0	0.0
255	__protein1_rbs	26.7	0.0	0.0
255	__protein2_rbs	12.8	0.0	0.0
255	__protein3_rbs	8.4	0.0	0.0
255	__ribosome	16.4	0.0	0.0
255	__rnase_site_ext	36.9	0.0	0.0
255	p0	1.0	0.0	0.0
255	protein1	1594.6	36.7	1.2359696000000002
255	protein2	1004.8	17.7	1.3973272
255	protein3	556.0	10.8	1.2776854
255	r1	17.6	0.0	0.0
255	rnapol	1.3	0.0	0.0
256	__protein1_rbs	28.3	0.0	0.0
256	__protein2_rbs	12.6	0.0	0.0
256	__protein3_rbs	8.1	0.0	0.0
256	__ribosome	15.8	0.0	0.0
256	__rnase_site_ext	37.1	0.0	0.0
256	p0	0.7	0.0	0.0
256	protein1	1602.7	36.9	1.2495155999999998
256	protein2	1009.9	17.8	1.4007355
256	protein3	559.1	10.9	1.250541
256	r1	17.8	0.0	0.0
256	rnapol	1.1	0.0	0.0
257	__protein1_rbs	27.4	0.0	0.0
257	__protein2_rbs	13.4	0.0	0.0
257	__protein3_rbs	7.4	0.0	0.0
257	__ribosome	16.3	0.0	0.0
257	__rnase_site_ext	37.3	0.0	0.0
257	p0	0.7	0.0	0.0
257	protein1	1612.4	37.0	1.2481135
257	protein2	1015.3	17.7	1.3528173000000001
257	protein3	561.9	10.8	1.2825057999999998
257	r1	17.8	0.0	0.0
257	rnapol	1.0	0.0	0.0
258	__protein1_rbs	27.9	0.0	0.0
258	__protein2_rbs	13.2	0.0	0.0
258	__protein3_rbs	8.3	0.0	0.0
258	__ribosome	16.1	0.0	0.0
258	__rnase_site_ext	37.6	0.0	0.0
258	p0	0.7	0.0	0.0
258	protein1	1619.9	37.2	1.276171
258	protein2	1020.5	17.9	1.2964141000000002
258	protein3	564.7	10.9	1.2283645999999997
258	r1	17.6	0.0	0.0
258	rnapol	0.8	0.0	0.0
259	__protein1_rbs	27.7	0.0	0.0
259	__protein2_rbs	14.0	0.0	0.0
259	__protein3_rbs	8.0	0.0	0.0
259	__ribosome	17.5	0.0	0.0
259	__rnase_site_ext	37.8	0.0	0.0
259	p0	0.9	0.0	0.0
259	protein1	1630.8	37.6	1.2333043
259	protein2	1024.4	17.8	1.3012992
259	protein3	567.6	10.8	1.2232021
259	r1	17.5	0.0	0.0
259	rnapol	0.9	0.0	0.0
260	__protein1_rbs	27.6	0.0	0.0
260	__protein2_rbs	13.6	0.0	0.0
260	__protein3_rbs	8.0	0.0	0.0
260	__ribosome	17.6	0.0	0.0
260	__rnase_site_ext	37.8	0.0	0.0
260	p0	1.0	0.0	0.0
260	protein1	1641.1	37.9	1.2144268
260	protein2	1029.6	17.8	1.2543135
260	protein3	569.5	10.8	1.3174405000000002
260	r1	17.4	0.0	0.0
260	rnapol	1.1	0.0	0.0
261	__protein1_rbs	27.8	0.0	0.0
261	__protein2_rbs	12.9	0.0	0.0
261	__protein3_rbs	8.2	0.0	0.0
261	__ribosome	16.8	0.0	0.0
261	__rnase_site_ext	38.2	0.0	0.0
261	p0	0.7	0.0	0.0
261	protein1	1649.1	37.8	1.2641847
261	protein2	1034.6	17.9	1.2280282
261	protein3	572.7	10.8	1.2643799
261	r1	17.5	0.0	0.0
261	rnapol	0.8	0.0	0.0
262	__protein1_rbs	27.2	0.0	0.0
262	__protein2_rbs	14.7	0.0	0.0
262	__protein3_rbs	7.9	0.0	0.0
262	__ribosome	15.7	0.0	0.0
262	__rnase_site_ext	38.4	0.0	0.0
262	p0	0.8	0.0	0.0
262	protein1	1658.6	38.1	1.2900208999999998
262	protein2	1038.6	18.1	1.187406
262	protein3	575.2	10.7	1.2948140999999995
262	r1	17.6	0.0	0.0
262	rnapol	0.8	0.0	0.0
263	__protein1_rbs	28.2	0.0	0.0
263	__protein2_rbs	14.7	0.0	0.0
263	__protein3_rbs	8.2	0.0	0.0
263	__ribosome	16.3	0.0	0.0
263	__rnase_site_ext	38.4	0.0	0.0
263	p0	0.9	0.0	0.0
263	protein1	1667.2	38.3	1.3143667999999995
263	protein2	1043.1	18.0	1.1434263999999998
263	protein3	578.3	10.7	1.2434682
263	r1	17.6	0.0	0.0
263	rnapol	0.7	0.0	0.0
264	__protein1_rbs	29.3	0.0	0.0
264	__protein2_rbs	13.4	0.0	0.0
264	__protein3_rbs	8.2	0.0	0.0
264	__ribosome	18.6	0.0	0.0
264	__rnase_site_ext	38.7	0.0	0.0
264	p0	0.9	0.0	0.0
264	protein1	1677.7	38.4	1.2600108
264	protein2	1047.4	17.8	1.1702401000000002
264	protein3	581.2	10.5	1.2240598
264	r1	17.8	0.0	0.0
264	rnapol	0.7	0.0	0.0
265	__protein1_rbs	27.7	0.0	0.0
265	__protein2_rbs	13.3	0.0	0.0
265	__protein3_rbs	7.7	0.0	0.0
265	__ribosome	16.5	0.0	0.0
265	__rnase_site_ext	38.8	0.0	0.0
265	p0	0.9	0.0	0.0
265	protein1	1686.8	38.6	1.3064278000000002
265	protein2	1051.8	17.8	1.1744469999999998
265	protein3	583.8	10.5	1.2029099
265	r1	18.2	0.0	0.0
265	rnapol	0.8	0.0	0.0
266	__protein1_rbs	28.1	0.0	0.0
266	__protein2_rbs	12.9	0.0	0.0
266	__protein3_rbs	7.9	0.0	0.0
266	__ribosome	15.8	0.0	0.0
266	__rnase_site_ext	39.0	0.0	0.0
266	p0	0.6	0.0	0.0
266	protein1	1697.0	38.7	1.3079195
266	protein2	1056.0	17.9	1.2199733999999998
266	protein3	586.9	10.5	1.1813597000000002
266	r1	18.2	0.0	0.0
266	rnapol	0.8	0.0	0.0
267	__protein1_rbs	28.6	0.0	0.0
267	__protein2_rbs	13.3	0.0	0.0
267	__protein3_rbs	8.5	0.0	0.0
267	__ribosome	16.7	0.0	0.0
267	__rnase_site_ext	39.2	0.0	0.0
267	p0	1.0	0.0	0.0
267	protein1	1707.1	38.9	1.2995568999999998
267	protein2	1060.3	17.9	1.2169184000000002
267	protein3	589.4	10.3	1.1322461
267	r1	18.5	0.0	0.0
267	rnapol	0.8	0.0	0.0
268	__protein1_rbs	30.7	0.0	0.0
268	__protein2_rbs	13.0	0.0	0.0
268	__protein3_rbs	7.8	0.0	0.0
268	__ribosome	15.3	0.0	0.0
268	__rnase_site_ext	39.3	0.0	0.0
268	p0	0.9	0.0	0.0
268	protein1	1717.5	39.2	1.2670538999999998
268	protein2	1063.9	18.3	1.2877715
268	protein3	591.5	10.4	1.1566988
268	r1	18.5	0.0	0.0
268	rnapol	0.9	0.0	0.0
269	__protein1_rbs	29.1	0.0	0.0
269	__protein2_rbs	14.4	0.0	0.0
269	__protein3_rbs	7.8	0.0	0.0
269	__ribosome	14.1	0.0	0.0
269	__rnase_site_ext	39.3	0.0	0.0
269	p0	0.8	0.0	0.0
269	protein1	1727.0	39.3	1.2922933
269	protein2	1068.2	18.1	1.2323887000000002
269	protein3	593.1	10.4	1.2766511
269	r1	18.4	0.0	0.0
269	rnapol	0.7	0.0	0.0
270	__protein1_rbs	31.1	0.0	0.0
270	__protein2_rbs	12.9	0.0	0.0
270	__protein3_rbs	8.1	0.0	0.0
270	__ribosome	16.0	0.0	0.0
270	__rnase_site_ext	39.5	0.0	0.0
270	p0	0.8	0.0	0.0
270	protein1	1737.1	39.4	1.2540393
270	protein2	1072.6	18.3	1.2515457
270	protein3	596.7	10.3	1.1788966
270	r1	18.6	0.0	0.0
270	rnapol	0.5	0.0	0.0
271	__protein1_rbs	29.0	0.0	0.0
271	__protein2_rbs	13.9	0.0	0.0
271	__protein3_rbs	7.5	0.0	0.0
271	__ribosome	14.7	0.0	0.0
271	__rnase_site_ext	39.5	0.0	0.0
271	p0	0.9	0.0	0.0
271	protein1	1747.2	39.4	1.2741207
271	protein2	1076.6	18.6	1.2237722999999998
271	protein3	599.2	10.3	1.2396425
271	r1	18.6	0.0	0.0
271	rnapol	0.5	0.0	0.0
272	__protein1_rbs	29.3	0.0	0.0
272	__protein2_rbs	14.5	0.0	0.0
272	__protein3_rbs	7.8	0.0	0.0
272	__ribosome	15.9	0.0	0.0
272	__rnase_site_ext	39.7	0.0	0.0
272	p0	1.0	0.0	0.0
272	protein1	1757.7	39.5	1.2645978
272	protein2	1082.3	18.6	1.1362153999999998
272	protein3	601.0	10.2	1.2827582999999998
272	r1	18.9	0.0	0.0
272	rnapol	0.5	0.0	0.0
273	__protein1_rbs	28.6	0.0	0.0
273	__protein2_rbs	15.2	0.0	0.0
273	__protein3_rbs	8.1	0.0	0.0
273	__ribosome	16.4	0.0	0.0
273	__rnase_site_ext	39.9	0.0	0.0
273	p0	1.0	0.0	0.0
273	protein1	1768.2	39.7	1.2819931999999998
273	protein2	1086.5	18.6	1.0920374
273	protein3	604.0	10.4	1.2089743999999998
273	r1	19.0	0.0	0.0
273	rnapol	0.5	0.0	0.0
274	__protein1_rbs	30.9	0.0	0.0
274	__protein2_rbs	13.3	0.0	0.0
274	__protein3_rbs	8.9	0.0	0.0
274	__ribosome	14.6	0.0	0.0
274	__rnase_site_ext	39.9	0.0	0.0
274	p0	1.0	0.0	0.0
274	protein1	1777.4	39.9	1.2915153
274	protein2	1090.3	18.7	1.1926423000000002
274	protein3	606.0	10.7	1.1182178999999999
274	r1	19.0	0.0	0.0
274	rnapol	0.9	0.0	0.0
275	__protein1_rbs	30.7	0.0	0.0
275	__protein2_rbs	13.6	0.0	0.0
275	__protein3_rbs	7.9	0.0	0.0
275	__ribosome	14.9	0.0	0.0
275	__rnase_site_ext	39.9	0.0	0.0
275	p0	0.7	0.0	0.0
275	protein1	1787.3	39.9	1.2869427999999998
275	protein2	1095.2	18.6	1.1887557000000002
275	protein3	608.9	10.7	1.1254761999999998
275	r1	19.2	0.0	0.0
275	rnapol	0.8	0.0	0.0
276	__protein1_rbs	31.0	0.0	0.0
276	__protein2_rbs	14.2	0.0	0.0
276	__protein3_rbs	7.9	0.0	0.0
276	__ribosome	15.7	0.0	0.0
276	__rnase_site_ext	40.3	0.0	0.0
276	p0	0.8	0.0	0.0
276	protein1	1797.5	39.9	1.2487099999999998
276	protein2	1099.5	18.8	1.2084568999999998
276	protein3	611.8	10.8	1.1177632999999998
276	r1	19.2	0.0	0.0
276	rnapol	0.6	0.0	0.0
277	__protein1_rbs	31.4	0.0	0.0
277	__protein2_rbs	13.7	0.0	0.0
277	__protein3_rbs	8.0	0.0	0.0
277	__ribosome	16.1	0.0	0.0
277	__rnase_site_ext	40.2	0.0	0.0
277	p0	1.0	0.0	0.0
277	protein1	1809.0	40.3	1.1934124999999998
277	protein2	1103.5	19.0	1.2504524
277	protein3	614.3	10.9	1.1331973999999998
277	r1	19.2	0.0	0.0
277	rnapol	0.6	0.0	0.0
278	__protein1_rbs	29.5	0.0	0.0
278	__protein2_rbs	14.5	0.0	0.0
278	__protein3_rbs	9.1	0.0	0.0
278	__ribosome	16.1	0.0	0.0
278	__rnase_site_ext	40.1	0.0	0.0
278	p0	1.0	0.0	0.0
278	protein1	1820.3	40.2	1.1737811000000002
278	protein2	1107.3	19.2	1.2694591000000002
278	protein3	616.2	10.9	1.1442446000000002
278	r1	19.4	0.0	0.0
278	rnapol	0.9	0.0	0.0
279	__protein1_rbs	31.4	0.0	0.0
279	__protein2_rbs	14.5	0.0	0.0
279	__protein3_rbs	8.8	0.0	0.0
279	__ribosome	16.4	0.0	0.0
279	__rnase_site_ext	40.4	0.0	0.0
279	p0	0.7	0.0	0.0
279	protein1	1829.6	40.1	1.1851588
279	protein2	1112.4	19.3	1.2509803
279	protein3	618.9	11.1	1.10342
279	r1	19.4	0.0	0.0
279	rnapol	0.9	0.0	0.0
280	__protein1_rbs	30.9	0.0	0.0
280	__protein2_rbs	14.1	0.0	0.0
280	__protein3_rbs	8.1	0.0	0.0
280	__ribosome	15.0	0.0	0.0
280	__rnase_site_ext	40.7	0.0	0.0
280	p0	0.8	0.0	0.0
280	protein1	1839.3	40.3	1.180369
280	protein2	1117.2	19.3	1.2815454999999998
280	protein3	621.3	11.3	1.1619049
280	r1	19.1	0.0	0.0
280	rnapol	0.8	0.0	0.0
281	__protein1_rbs	31.6	0.0	0.0
281	__protein2_rbs	14.8	0.0	0.0
281	__protein3_rbs	7.8	0.0	0.0
281	__ribosome	15.4	0.0	0.0
281	__rnase_site_ext	40.8	0.0	0.0
281	p0	0.9	0.0	0.0
281	protein1	1849.0	40.6	1.1539123999999998
281	protein2	1122.1	19.2	1.2910582000000002
281	protein3	623.9	11.1	1.2423879999999998
281	r1	19.1	0.0	0.0
281	rnapol	1.2	0.0	0.0
282	__protein1_rbs	30.3	0.0	0.0
282	__protein2_rbs	14.7	0.0	0.0
282	__protein3_rbs	8.6	0.0	0.0
282	__ribosome	15.3	0.0	0.0
282	__rnase_site_ext	41.0	0.0	0.0
282	p0	0.9	0.0	0.0
282	protein1	1858.7	40.7	1.1622656999999998
282	protein2	1126.8	19.3	1.2841543
282	protein3	626.9	11.2	1.179127
282	r1	19.4	0.0	0.0
282	rnapol	1.3	0.0	0.0
283	__protein1_rbs	31.1	0.0	0.0
283	__protein2_rbs	15.2	0.0	0.0
283	__protein3_rbs	8.4	0.0	0.0
283	__ribosome	14.8	0.0	0.0
283	__rnase_site_ext	41.0	0.0	0.0
283	p0	0.9	0.0	0.0
283	protein1	1868.7	40.9	1.1516376000000002
283	protein2	1131.7	19.5	1.2673883
283	protein3	629.0	10.9	1.2851216
283	r1	19.3	0.0	0.0
283	rnapol	1.2	0.0	0.0
284	__protein1_rbs	32.2	0.0	0.0
284	__protein2_rbs	14.4	0.0	0.0
284	__protein3_rbs	8.2	0.0	0.0
284	__ribosome	14.5	0.0	0.0
284	__rnase_site_ext	40.9	0.0	0.0
284	p0	1.0	0.0	0.0
284	protein1	1878.4	41.0	1.1181875
284	protein2	1136.4	19.5	1.3042586999999999
284	protein3	631.1	11.0	1.3593773
284	r1	19.2	0.0	0.0
284	rnapol	1.5	0.0	0.0
285	__protein1_rbs	30.6	0.0	0.0
285	__protein2_rbs	14.7	0.0	0.0
285	__protein3_rbs	8.7	0.0	0.0
285	__ribosome	14.3	0.0	0.0
285	__rnase_site_ext	41.2	0.0	0.0
285	p0	0.6	0.0	0.0
285	protein1	1887.5	41.0	1.1645072
285	protein2	1141.4	19.4	1.3085928999999998
285	protein3	634.8	10.9	1.2715852
285	r1	19.4	0.0	0.0
285	rnapol	1.4	0.0	0.0
286	__protein1_rbs	32.2	0.0	0.0
286	__protein2_rbs	13.8	0.0	0.0
286	__protein3_rbs	7.8	0.0	0.0
286	__ribosome	14.4	0.0	0.0
286	__rnase_site_ext	41.4	0.0	0.0
286	p0	0.8	0.0	0.0
286	protein1	1896.6	41.0	1.1537508
286	protein2	1146.5	19.5	1.3202732999999998
286	protein3	637.9	10.8	1.2581734999999998
286	r1	19.5	0.0	0.0
286	rnapol	1.3	0.0	0.0
287	__protein1_rbs	31.6	0.0	0.0
287	__protein2_rbs	13.6	0.0	0.0
287	__protein3_rbs	8.1	0.0	0.0
287	__ribosome	15.5	0.0	0.0
287	__rnase_site_ext	41.5	0.0	0.0
287	p0	1.0	0.0	0.0
287	protein1	1907.1	41.3	1.1123212
287	protein2	1151.6	19.4	1.3502953000000002
287	protein3	640.4	10.8	1.2043673
287	r1	19.6	0.0	0.0
287	rnapol	1.4	0.0	0.0
288	__protein1_rbs	30.9	0.0	0.0
288	__protein2_rbs	15.0	0.0	0.0
288	__protein3_rbs	8.0	0.0	0.0
288	__ribosome	14.1	0.0	0.0
288	__rnase_site_ext	41.6	0.0	0.0
288	p0	0.7	0.0	0.0
288	protein1	1916.8	41.5	1.1363097999999998
288	protein2	1156.3	19.4	1.3465553
288	protein3	643.2	10.9	1.2254063999999998
288	r1	19.6	0.0	0.0
288	rnapol	1.1	0.0	0.0
289	__protein1_rbs	30.4	0.0	0.0
289	__protein2_rbs	14.1	0.0	0.0
289	__protein3_rbs	7.6	0.0	0.0
289	__ribosome	12.5	0.0	0.0
289	__rnase_site_ext	41.7	0.0	0.0
289	p0	0.9	0.0	0.0
289	protein1	1925.4	41.6	1.1780754
289	protein2	1162.4	19.5	1.2891416
289	protein3	645.7	10.6	1.3033766000000002
289	r1	19.6	0.0	0.0
289	rnapol	1.1	0.0	0.0
290	__protein1_rbs	32.0	0.0	0.0
290	__protein2_rbs	16.1	0.0	0.0
290	__protein3_rbs	7.9	0.0	0.0
290	__ribosome	13.9	0.0	0.0
290	__rnase_site_ext	41.9	0.0	0.0
290	p0	0.7	0.0	0.0
290	protein1	1934.9	41.6	1.1758286
290	protein2	1167.0	19.7	1.2121745000000002
290	protein3	648.4	10.7	1.2292009
290	r1	19.6	0.0	0.0
290	rnapol	0.8	0.0	0.0
291	__protein1_rbs	32.0	0.0	0.0
291	__protein2_rbs	15.8	0.0	0.0
291	__protein3_rbs	8.8	0.0	0.0
291	__ribosome	14.9	0.0	0.0
291	__rnase_site_ext	41.9	0.0	0.0
291	p0	0.9	0.0	0.0
291	protein1	1943.8	41.8	1.1820609999999998
291	protein2	1172.4	19.8	1.1487703000000002
291	protein3	650.7	10.8	1.1854660999999995
291	r1	19.6	0.0	0.0
291	rnapol	0.8	0.0	0.0
292	__protein1_rbs	32.4	0.0	0.0
292	__protein2_rbs	15.0	0.0	0.0
292	__protein3_rbs	8.9	0.0	0.0
292	__ribosome	15.9	0.0	0.0
292	__rnase_site_ext	42.3	0.0	0.0
292	p0	0.8	0.0	0.0
292	protein1	1953.3	41.9	1.1788737
292	protein2	1177.9	19.9	1.1379932
292	protein3	653.6	10.8	1.0984747
292	r1	19.8	0.0	0.0
292	rnapol	0.6	0.0	0.0
293	__protein1_rbs	31.6	0.0	0.0
293	__protein2_rbs	14.2	0.0	0.0
293	__protein3_rbs	8.2	0.0	0.0
293	__ribosome	14.4	0.0	0.0
293	__rnase_site_ext	42.2	0.0	0.0
293	p0	0.9	0.0	0.0
293	protein1	1964.2	42.3	1.1737902999999998
293	protein2	1182.8	19.7	1.1741326
293	protein3	655.7	10.8	1.1579155
293	r1	19.5	0.0	0.0
293	rnapol	0.7	0.0	0.0
294	__protein1_rbs	29.8	0.0	0.0
294	__protein2_rbs	16.4	0.0	0.0
294	__protein3_rbs	8.0	0.0	0.0
294	__ribosome	13.6	0.0	0.0
294	__rnase_site_ext	42.4	0.0	0.0
294	p0	0.8	0.0	0.0
294	protein1	1973.7	42.1	1.2517284
294	protein2	1187.5	19.7	1.1016226
294	protein3	659.3	11.0	1.0615218000000002
294	r1	19.8	0.0	0.0
294	rnapol	0.8	0.0	0.0
295	__protein1_rbs	34.2	0.0	0.0
295	__protein2_rbs	15.8	0.0	0.0
295	__protein3_rbs	8.1	0.0	0.0
295	__ribosome	13.9	0.0	0.0
295	__rnase_site_ext	42.4	0.0	0.0
295	p0	1.0	0.0	0.0
295	protein1	1983.0	42.3	1.213279
295	protein2	1191.4	19.9	1.1029855000000002
295	protein3	661.6	11.0	1.1331885
295	r1	19.4	0.0	0.0
295	rnapol	0.8	0.0	0.0
296	__protein1_rbs	32.6	0.0	0.0
296	__protein2_rbs	15.0	0.0	0.0
296	__protein3_rbs	9.3	0.0	0.0
296	__ribosome	14.0	0.0	0.0
296	__rnase_site_ext	42.3	0.0	0.0
296	p0	0.9	0.0	0.0
296	protein1	1993.5	42.4	1.2048812999999998
296	protein2	1196.2	20.1	1.1332604
296	protein3	663.8	11.0	1.0957208
296	r1	19.6	0.0	0.0
296	rnapol	1.0	0.0	0.0
297	__protein1_rbs	32.2	0.0	0.0
297	__protein2_rbs	15.5	0.0	0.0
297	__protein3_rbs	8.3	0.0	0.0
297	__ribosome	14.5	0.0	0.0
297	__rnase_site_ext	42.4	0.0	0.0
297	p0	0.9	0.0	0.0
297	protein1	2003.8	42.3	1.1987561000000002
297	protein2	1200.8	20.1	1.1335944
297	protein3	666.8	11.1	1.0871196
297	r1	19.5	0.0	0.0
297	rnapol	1.0	0.0	0.0
298	__protein1_rbs	32.1	0.0	0.0
298	__protein2_rbs	15.8	0.0	0.0
298	__protein3_rbs	8.6	0.0	0.0
298	__ribosome	15.8	0.0	0.0
298	__rnase_site_ext	42.5	0.0	0.0
298	p0	0.9	0.0	0.0
298	protein1	2014.9	42.3	1.1846276999999998
298	protein2	1205.9	20.0	1.0749717
298	protein3	668.6	11.1	1.1619680000000001
298	r1	19.7	0.0	0.0
298	rnapol	0.9	0.0	0.0
299	__protein1_rbs	31.3	0.0	0.0
299	__protein2_rbs	15.7	0.0	0.0
299	__protein3_rbs	7.8	0.0	0.0
299	__ribosome	15.8	0.0	0.0
299	__rnase_site_ext	42.6	0.0	0.0
299	p0	0.9	0.0	0.0
299	protein1	2026.3	42.4	1.1722448
299	protein2	1209.7	19.8	1.1114305
299	protein3	671.8	11.2	1.1694886999999998
299	r1	19.9	0.0	0.0
299	rnapol	1.0	0.0	0.0
300	__protein1_rbs	32.3	0.0	0.0
300	__protein2_rbs	15.9	0.0	0.0
300	__protein3_rbs	8.6	0.0	0.0
300	__ribosome	15.2	0.0	0.0
300	__rnase_site_ext	42.7	0.0	0.0
300	p0	0.8	0.0	0.0
300	protein1	2036.1	42.5	1.1671801000000002
300	protein2	1213.7	19.9	1.1474787000000002
300	protein3	674.6	11.3	1.1578221000000002
300	r1	19.9	0.0	0.0
300	rnapol	1.1	0.0	0.0
301	__protein1_rbs	33.0	0.0	0.0
301	__protein2_rbs	14.2	0.0	0.0
301	__protein3_rbs	9.0	0.0	0.0
301	__ribosome	12.9	0.0	0.0
301	__rnase_site_ext	42.9	0.0	0.0
301	p0	0.7	0.0	0.0
301	protein1	2044.6	42.7	1.1890309
301	protein2	1219.1	19.8	1.1592429999999998
301	protein3	676.3	11.4	1.2172294
301	r1	19.9	0.0	0.0
301	rnapol	0.8	0.0	0.0
